判決書標頭,比率,因素1：一方對財產增加無貢獻,因素2：一方對婚姻中取得之財產有協力貢獻,"因素3:一方為
減少其自身財產
所為之變更","因素4:一方浪費、
不當處分財產
之情事","因素5:一方不分擔
家務及家庭生活
費用、
所用之方法顯非合理",因素6：債務,"因素7：一方無婚後財產
可供分配","因素8:一方於
言詞辯論日未到場
","因素9:抵銷
抗辯",因素10:離婚協議,"因素11:雙方和解/
或調解達成協議
","因素12
一方請求者為
請求「特定」筆
之財產",結果
"103,家訴,1",0,10,0,0,4,8,6,0,0,0,0,0,0,"結果:原告即反請求被告乙○○之婚後積極財產共793,786元，婚後消極財產為0元，其剩餘財產為793,786元（793,786－0＝793,786）；被 告即反請求原告甲○○之婚後積極財產共1,461,522元，婚 後消極財產共1,814,415元，其剩餘財產為0元（1,461,522
 －1,814,415＝－352,893，應以0元計算），則原告即反請求被告之婚後剩餘財產係多於被告即反請求原告，其差額為793,786元（793,786－0＝793,786）。故原告即反請求被告 請求被告即反請求原告給付剩餘財產之差額70萬元，及自
本件判決確定之翌日起至清償日止，按年息5％計算之利息，為無理由，應予駁回"
"99,家訴,11",1/3,10,0,0,0,0,0,0,0,0,0,0,0,"結果:原告取得剩餘財產分配差額之三分之一，較屬適當，是原告得向被告請求剩餘財產之分配額應為三
十二萬三千三百三十三元（計算式：970,000－0＝970,000；970,000÷3＝323,333，元以下四捨五入）。
"
"100,家訴,8",1/2,0,0,0,0,0,5,0,0,0,0,0,0,"結果:兩造之剩餘財產差額為679,533元，平均分配後，原告得向被告請求分配之剩餘財產差額為339, 767元。被告主張抵銷損害賠償30萬元、不當得利77,964元，原告同意抵銷，經抵銷後，已無剩餘（339,767元－77,964元＝-261,803元。

"
"102,家訴,9",1/2,0,0,0,0,0,5,0,0,0,0,0,0,"結果:原告列入分配財產額為0元，被告應列入分配財產額為159,369元，原告僅得向被告請求79,685元 (計算式：【0－159,369】÷2＝79,684.5≒79,685)。
"
"民事判決104,家訴,11",1/2,0,0,0,0,0,1,0,0,0,0,0,0,"結果:被告丙○○應給付原告甲○○新臺幣貳萬伍仟元，及自民國一百
零五年十月三日起至清償日止，按週年利率百分之五計算之利息
。
被告丙○○應自民國一百零四年十月起至一百二十四年四月止，
按月於每月二十五日前給付原告甲○○新臺幣貳萬伍仟元。
原告甲○○其餘之訴及假執行之聲請均駁回。"
"民事判決_105,家訴,20_2016-12-30",1/2,0,0,0,0,0,1,0,0,0,0,0,0,"結果:被告應給付原告新臺幣玖拾萬元，及自民國一○五年九月十日起
至清償日止，按週年利率百分之五計算之利息。
訴訟費用由被告負擔。"
"民事判決_107,家訴,2",1/2,0,0,0,0,0,0,0,0,0,10,0,0,"被告應給付原告新臺幣肆拾陸萬貳仟伍佰元，及自民國一０七年
六月九日起至清償日止，按週年利率百分之五計算之利息。
被告應自民國一０七年一月起至民國一二一年一月止，按月給付
原告新臺幣貳萬伍仟元。
訴訟費用新臺幣伍萬零貳佰零參元由被告負擔。"
"99,家訴,4",0,0,0,0,0,0,10,10,0,0,0,0,0,"被告至99年5月14日止，尚欠訴外人黃金山130萬
    元、陳天平15萬元、陳益參50萬元、銀行貸款餘額135,054
    元、原告250萬元，合計被告之負債有4,585,054元（135,
    054元＋200萬元＋50萬元＋130萬元＋50 萬元＋15萬元＝
    4,585,054元）。故原告於99年5月14日之剩餘財產為6,517
    元，被告並無剩餘財產（即婚後財產價值為4,231,228元，
    扣除婚後尚存債務4,585,054元，為負353,826元），無財產
    足供分配。原告請求分配夫妻剩餘財產為無理由，應予駁回"
"100,家訴,8",1/2,0,0,0,0,0,8,10,0,0,0,0,0,"結果:兩造之剩餘財產差額為679,533元，平均分配後，原告得
 向被告請求分配之剩餘財產差額為339, 767元。被告主張抵
 銷損害賠償30萬元、不當得利77,964元，原告同意抵銷，經
 抵銷後，已無剩餘（339,767元－77,964元＝-261,803元）。
"
"
103,家訴,1",0,10,0,0,0,0,0,6,0,0,0,0,0,"結果:被告婚後財產並未增加，縱被告有財產，原告亦因99年5月28日入境同居生活到同年11月而對被告之財產未提供任何助力，因此原告對被告並無剩餘財產差額分配請求權存在，原告訴請被告給付夫妻剩餘財產分配差額，為無理由，不應准許。
"
"民事判決_100,家訴,8",1/2,2,8,0,0,0,8,10,0,0,0,0,0,"結果:本院認兩造應平均分配夫妻剩餘財產。承上所述
    ，兩造之剩餘財產差額為679,533元，平均分配後，原告得
    向被告請求分配之剩餘財產差額為339, 767元。被告主張抵
    銷損害賠償30萬元、不當得利77,964元，原告同意抵銷，經
    抵銷後，已無剩餘（339,767元－77,964元＝-261,803元）
   "
"99,家訴,20"",民事,請求剩餘財產分配,""臺灣屏東地方法院民事判決",1/2,8,2,10,0,0,0,0,0,0,0,0,0,"(對原告有利，被告無貢獻)
結果:原告之婚後財產合計為4,361,914 元（3,861,914
＋500,000＝4,361,914 ）；被告之婚後財產合計為
 68,039,993元（13,904,446＋3,517 ＋1,132 ＋2,648 ＋
 41,309,250＋12,819,000＝68,039,993），是原告得請求
 剩餘財產分配之金額為31,839,040元【（68,039,993－
4,361,914 ）÷2 ＝31,839,040（小數點以下四捨五入） 】。"
"100,家訴,1"",民事,請求分配剩餘財產差額,""臺灣屏東地方法院民事判決",1/2,6,0,0,0,0,0,0,0,0,0,0,0,"原告得向被告請求剩餘財產差額之一半，即2,008,129元 【（4,02
 3,921 元－7,663 元）÷2 】。"
"101,家訴,38"",民事,代位請求剩餘財產分配,""臺灣屏東地方法院家事判決",0,5,5,0,0,10,0,0,0,0,0,0,0,若由雙方平均分配 顯有未當，本院認應「免除」債務人之分配額始合乎公平正義。
"104,家訴,6"",民事,請求夫妻剩餘財產分配,""臺灣屏東地方法院民事判決",0,5,0,5,0,10,0,0,0,0,0,0,0,"結果:於被告攜子返回屏東，自坐月子時起迄至兩造離婚期間，原
告對被告母子亦無有任何實質支持或照護，未成年子女相
 關之必要保護教養費用均係被告獨力支撐等一切情狀，本
 院認如仍由原告分配被告婚後賸餘財產之差額，顯失公平
，應免除原告對被告之婚後賸餘財產差額之請求。從而，
 原告依民法第1030條之一請求夫妻賸餘財產差額分配，為
 無理由。"
"102,家訴,125"",民事,分配夫妻剩餘財產差額,""臺灣新北地方法院",1/2,0,0,0,0,5,5,0,0,5,0,0,0,"計算101年12月24日至104年6月23日止，原告應給付被告相當於租金之不當得利
共計158,610元、原告應給付被告代墊子女丙○○扶養費之 不當得利為135,000元，被告自得以對原告之上開代墊未成年子女扶養費用債權135,000元、相當於租金之不當得利債權158,610元，主張抵銷，從而原告得請求分配夫妻剩餘財產金額為5,980,765（6,274,375元－158,610－135,000＝5,980,765）。"
"103,家訴,71"",民事,分配夫妻剩餘財產差額,""臺灣新北地方法院",1/2,3,7,0,0,5,0,5,0,0,0,0,0,"綜上所述，原告婚後剩餘財產為0元；被告婚後剩餘財產為
8082060元，兩造剩餘財產差額為8082060元（即8082060元
－0元＝8082060元），經平均分配後，被告應給付原告之剩
餘財產差額為4041030元（即8082060元÷2＝4041030元）。"
"103,家訴,97"",民事,分配夫妻剩餘財產差額,""臺灣新北地方法院",1/2,0,0,0,0,0,10,10,0,0,0,0,0,"兩造夫妻剩餘財產差額為15,486,182
元（計算式：15,486,182元－0 ＝15,486,182元），而原告
之剩餘財產較被告為少，即得向被告請求分配剩餘財產之差
額。又兩造均同意本件兩造間剩餘財產之差額應平均分配，
計算後為7,743,091 元（計算式：15,486,182元÷2 人＝
7,743,091 ）。"
"105,家訴,75"",民事,夫妻剩餘財產分配,""臺灣新北地方法院",1/2,5,5,0,0,3,0,0,0,7,0,0,0,"被告有婚後財產14,724,197元；原告有婚後財產
10,938,009元，婚後債務共計2,595,423元。故兩造婚後財
產之差額為6,381,611元。兩造應平均分配，故原告得請求
分配之金額為3,190,806元。又依前所認，被告得主張抵銷
之金額為2,006,782元，抵銷後原告得請求之金額為1,184,0 24元。
從而，原告依民法第1030條之1第1項規定，請求被告
給付1,184,024元及自起訴狀繕本送達之翌日起（即105年3
月12日）至清償日止，按年息百分之5計算之利息，為有理 由，應予准許。"
"96,家訴,101"",民事,分配夫妻剩餘財產差額,""臺灣板橋地方法院民事判決",1/2,0,0,0,0,4,0,0,0,10,0,0,0,"兩造剩餘財產差額為6,676,762 元（計算式:7,757,666－1,080,904
＝6,676,762 ），經平均分配後，被告應給付原告夫妻剩餘 財產差額為3,338,381 元（6,676,762 ÷2 ）"
"99年度家訴字第2號,臺灣彰化地方法院民事判決",1/2,0,0,0,0,0,10,0,0,0,0,0,0,"結果:兩造婚姻關係存續中之剩餘財產差額為2,319,102元（
      （4,638,204-0 )÷2＝2,319,102），從而，原告爰依民
      法第1030條之1之規定，請求被告給付2,319,102元，及自
      本起訴狀繕本送達之翌日即99年1月27日起至清償日止，
      按週年利率百分之五計算之利息，為有理由，應予准許。
"
"100年度家訴字第65號,臺灣彰化地方法院民事判決　　　　　　",1/3,9,1,0,0,0,0,0,0,0,0,0,0,"結果:原告對於被告財產之增加之協力、貢獻自有不足，是原告請求平均分配剩餘財產之差額即有顯失公平之處。又本院斟酌兩造婚姻出現破綻之原因，被告亦具有可歸責之事由，且兩造可歸責性均屬相當，認原告得請求分配剩餘財產差額之比例應為3分之1，方屬公平。從而，原告依民法第第1030條之1第1項規定請求分配剩餘財產，於9,972,627元【（31,589,904 －1,672,023）÷3）】及自起訴狀繕本送達翌日即100年4月12日起，至清償日止，按年息5%計算之法定遲延利息，為有理由，應予准許。
"
"100年度家訴字第87號,臺灣彰化地方法院民事判決　　　　　　 ",1/2,0,0,0,0,0,8,0,10,0,0,0,0,"結果:債務人陳惠玲部分，因尚對原告負有
      債務523,654元，業經原告聲請強制執行未果，已如前述
      ，則其剩餘財產為負數，應以0元計算，則依現存證據所
      示，雙方剩餘財產之差額至少為1,052,212元（1,052,212
      -0），債務人陳惠玲依法得向被告請求分配之金額為二分
      之一即526,106元。
"
"100年度家訴字,第96號臺灣彰化地方法院家事判決　",1/2,0,0,0,0,0,0,0,0,0,0,10,0,"結果:原告雖依民法第1030條之一、第242條之規定得代位林金泉請求被告給付夫妻剩餘財產差額，惟依民法第737條規定和解有使當事人所拋棄之權利消滅及使當事人取得和解契約所訂明權利之效力，如上所述兩造既已達成上開和解契約，則原告所拋棄之夫妻剩餘財產差額權利消滅，原告代位請求被告吳彩修給付3,148, 913元予案外人林金泉，並由原告代位受領之先位聲明即無理由。
"
"100年度家訴字第114號,臺灣彰化地方法院民事判決　　　　　　",1/2,0,0,0,0,0,0,0,0,0,0,0,0,"結果:原告剩餘財產部分應為0元（計算式:438438,119
      元－681,322元），被告剩餘財產部分則為521,612元（計
      算式670,911－149,299元），據此，雙方剩餘財產之差額
      即為521,612元（計算式521,612元－0元），依法應平均
      分配，原告得請求之金額即為260,806元，故原告請求分
      配夫妻剩餘財產於260,806元及自起訴狀送達之翌日（即
      100年10月11 日）起至清償日止按年息百分之五計算之利
      息範圍內，為有理由，應予准許
"
"100年度家訴字第116號,臺灣彰化地方法院民事判決　　　　　　",1/2,0,0,0,0,0,6,0,0,0,0,0,0,"結果:被告之剩餘財產為2,688,188元減掉原告之剩餘財
      產20,286元，本件兩造於法定財產關係消滅時之剩餘財產
      差額為元，依民法第1030條之1之規定，婚後財產數額較
      少之一方得向他方請求差額之半數，是本件原告起訴向被
      告請求剩餘財產之差額元【計算式：2,685,188元（被告
      ）－20,286元（原告）＝2,664,902元÷2＝1,332,451元】及
      自起訴狀繕本送達翌日即年月日起，至清償日止，按年息
      5%計算之法定遲延利息，為有理由，應予准許。
"
"""99,家訴,118"",民事,分配夫妻剩餘財產差額,""臺灣板橋地方法院民事判決",5/14,0,0,0,9,9,0,0,0,0,0,0,0,"結果:被告卓秀琴婚後應列入分配之財產為283 萬8579元
（計算式：0000000 00000000 00000000 ＝0000000 ）。
應酌減被告蘇炎崇之分配額，就被告卓秀琴之婚後財產以分配
100 萬元為適當。"
"100,家訴,48"",民事,分配剩餘財產,""臺灣板橋地方法院民事判決",1/2,2,0,0,0,2,0,0,0,8,0,0,0,"結果:原告依民法第1030條之1 第1 項規定得請求之兩造剩餘財產差額
    為4,793 ,333元（9,586,665 ÷2=4,793,333 〈小數點以下
    四捨五入〉）。惟被告得對原告有99,500元之債權存在，為
    兩造所不爭，是被告以該金額主張抵銷，於法核無不合，經
    抵銷後尚餘4,69 3,833元（4,793,333-99,500=4,693,833）
    。再被告於離婚後曾先後給付被告兩造剩餘財產差額款3,58
    0,000 元，並經本院認定如前，自應予扣除，是扣除後，被
    告尚應給付原告1,113,833 元（4,693,833-3,580,000=1,11
    3,833 ）。"
"100,家訴,79"",民事,分配夫妻剩餘財產差額,""臺灣板橋地方法院民事判決",1/2,0,0,0,0,0,5,0,0,0,0,0,0,"原告之剩餘財產金額為713,115 元（3,768
    元+1 23,978 元+400,000元+185,369元=713,115元）。被告
    之剩餘財產金額為6,335,086 元（2,710,417 元+800,000元
    +508,418元+74,360 元+846,483元+1,187,445元+53,371 元
    +25,052 元+9,964元+24,262 元+822元+9,269元+2,223元+4
    23,000元－340,000 元=6,335,086元）。依上開兩造之財產
    計算差額為5,621,971 元（6,335,086 元－713,115 元=5,6
    21,971元），故原告請求平均分配，原告得向被告請求給付
    2,810,986 元（元以下四捨五入）。"
"100,家訴,153"",民事,剩餘財產分配等,""臺灣板橋地方法院民事判決　",1/2,0,0,0,0,0,5,0,0,0,0,0,0,"兩造現存婚後財產之差額為790 萬6278元（計算式：0000
    000 －000000＝0000000 ），原告可得分配一半即395 萬31
    39元（計算式：0000000 ÷2 ＝0000000 元）。本件原告僅
    請求395 萬3035元，在其可得請求分配金額之範圍內，故為
    有理由，應予准許。"
"100,家訴,172"",民事,分配夫妻剩餘財產差額,""臺灣板橋地方法院民事判決　　",1/2,0,0,0,0,0,6,0,0,8,0,0,0,"兩造剩餘財產差額為59
    1,844 元【計算式:837,200-245,316=591,844】，經平均分
    配後，被告應給付原告夫妻剩餘財產差額為295,942 元（59
    1,844 ÷2 ＝295, 942）。惟被告主張新北市○○區○○路
    房貸餘額自兩造離婚之後均由被告繳納，自99年12月份起迄
    101 年7 月份止，被告共已繳納銀行貸款300,905 元，就該
    金額之半數150,452.5 元，被告得依法向原告求償，並就該
    金額與原告得請求之剩餘財產差額互為抵銷乙節，業據提出
    其繳納系爭房貸之存摺影本為證，並為原告所不爭執，是被
    告以該金額主張抵銷，於法核無不合，經抵銷後尚餘145,49
    0 元（295,942-150,452.5=145,490<小數點以下四捨五入>"
"100,家訴,238"",民事,分配夫妻剩餘財產差額,""臺灣板橋地方法院民事判決",1/2,5,5,0,5,0,0,0,0,0,0,0,0,"兩造剩餘財產之差額平均分配後，原告得向被告請求給付1,
    164,701 元：
    承前所述計算，原告之剩餘財產金額為61,328元（58,476+9
    43 +1,909=61,328）。被告之剩餘財產金額為2,390,730 元
    （6,000,000+10,502-3,619,772=2,390,730）。依上開兩造
    之財產計算差額為2,329,402 元（2,390,730 元－61,328元
    =2,329,402元），故原告請求平均分配，原告得向被告請求
    給付1,164,701 元（元以下四捨五入）。"
"100,家訴,301"",民事,剩餘財產分配,""臺灣新北地方法院民事判決",0,10,0,0,0,10,0,0,0,0,0,0,0,"原告之婚後剩餘財產多於被告，且兩造婚姻僅具
    形式，而無實質，婚姻關係存續期間雙方各自管理使用各自
    財產，彼此財產之增加均非夫妻共同協力貢獻之結果，平均
    分配顯失公平，應免除分配額。從而，原告依民法第1030條
    之1第1項規定，請求被告給付原告259萬0105元，及自起訴
    狀繕本送達被告之翌日起至清償日止，按年息百分之5計算
    之利息，為無理由，應予駁回。"
"100,家訴,362"",民事,剩餘財產分配",1/2,0,0,0,0,0,6,0,0,0,0,0,0,"債務人張明麗本於夫妻剩餘財產分配請求權之規定，
    本得向被告許武龍請求給付上開財產差額之半數即2,335,89
    2 元（（4,671,784-0 ）/2=2,335,892）。"
"100,家訴,368"",民事,剩餘財產分配",1/2,0,0,0,0,1,0,0,0,0,9,0,0,"林芬蘭現存之婚後財產為1,987,941 元，是被告
    二人之財產差額為1,987,941 元，被告蔡建淞自得依民法第
    1030條之1 之規定，向被告林芬蘭請求上開財產差額之半數"
"100,家訴,411"",民事,分配夫妻剩餘財產差額",1/2,0,0,0,0,0,10,0,0,0,0,0,0,"原告婚後剩餘財產為305000元（即5000元存款＋
    300000元債權）；被告婚後剩餘財產為0000000元（0000000
    元系爭房地價值＋60000元車價＋210000元車價－128896元
    車貸－300000元債務－892972元銀行債務），兩造剩餘財產
    差額為0000000元（即0000000元－305000元＝0000000元）
    ，經平均分配後，兩造之剩餘財產差額為881169元（即1762
    338元÷2＝881169元）。從而，原告依夫妻剩餘財產分配請
    求權，請求被告給付875000元，及自本件起訴狀繕本送達之
    翌日100年12月21日（見卷附本件起訴狀繕本於100年12月9
    日寄存送達於新北市政府警察局新莊分局丹鳳派出所之送達
    回證，經十日即100年12月20日生效）起至清償日止按年息
    百分之五計算之利息，為有理由，應予准許。"
"100,家訴,443"",民事,剩餘財產分配,""臺灣板橋地方法院民事判決",0,10,0,0,0,10,8,0,0,0,0,0,0,"進而造成被告陳月裡婚後財產之損失。本院斟酌上情，認如
    被告陳月裡於婚姻關係存續中所累積之剩餘財產差額仍由兩
    人平均分配，衡諸社會客觀現實，已有顯失公平之情形，再
    被告謝國明於婚姻期間因專注於事業，對家庭未曾付出心力
    ，又因不善經營，致負債累累，是其對婚姻所提供之協力或
    貢獻幾近全無，不應享有分配之權利，爰依民法第1030條之
    1 第2 項規定，免除被告謝國明就兩人婚後剩餘財產差額之
    分配額。"
"106,重家訴,27"",民事,夫妻剩餘財產分配,""臺灣新北地方法院民事判決",1/2,0,0,0,0,0,0,0,0,0,0,0,0,"原告本於民法第1030條之1 第1 項規定，請求被告給付5,887,222 元，為有理由，應予准許"
"106,家訴,59"",民事,夫妻剩餘財產分配,""臺灣新北地方法院民事判決",2/5,8,2,0,0,2,0,0,0,0,0,0,0,"兩造婚後財產差額為3,198,535元：
 原告之剩餘財產為241,669元；被告之剩餘財產為3,440,204元，兩造間剩餘財產差額為3,198,535元（計算式：3,440,2
    04元－241,669 元）。本件應依民法第1030條之1第2項調整原告與被告之分配額為
    四比六："
"106,家訴,76"",民事,夫妻剩餘財產分配,""臺灣新北地方法院民事判決　",1/2,0,0,0,2,2,2,0,0,0,0,0,0,"原告可得之剩餘財產分配額為
    3,081,473 元（計算式：6,162,946 元÷2 ＝）。從而，原
    告請求被告分配剩餘財產之差額，於3,081,473 元範圍內，
    應屬有據，逾此金額之請求，即屬無理由。"
"106,家訴,78"",民事,夫妻剩餘財產分配",1/2,0,0,10,0,0,5,0,0,0,0,0,0,"原告應列入分配之婚後財產為427,002 元（計算式：
    婚後財產697,002 元- 婚後債務27萬元＝427,002 元），被
    告應列入分配之婚後財產為2,633,271 元，故兩造夫妻剩餘
    財產差額為2,206,269 元（計算式：2,633,271 元-427,002
    元＝2,206,269 元），經平均分配後，被告應給付原告1,10
    3,135 元（計算式：2,206,269 元÷2 ＝1,103,135 元，元
    以下四捨五入）。
六、綜上，原告依民法第1030條之1 規定，請求被告給付1,103,
    135 元，及自起訴狀繕本送達翌日即106 年3 月24日起至清
    償日止，按年息百分之5 計算之利息，為有理由，應予准許"
"""106,家訴,79"",民事,夫妻剩餘財產分配",1/20,0,0,2,10,10,0,0,0,0,0,0,0,"若自形式上將兩造之剩餘財產差額
      予以平均分配，顯失公平，爰依民法第1030條之1第2項規
      定，將兩造剩餘財產差額分配調整為被告僅得請求20分之
      1，以達平允。是被告請求分配剩餘財產差額92萬2526元
      （計算式：1845萬0528x 1/20，元以下四捨五入）及自本
      判決確定日起至清償日止，按年息百分之五計算之利息，
      為有理由，應予准許；逾此範圍，即屬無據，不應准許。"
"106,家訴,86"",民事,夫妻剩餘財產分配,""臺灣新北地方法院民事判決",1/2,4,6,0,2,2,0,0,0,0,0,0,0,"本院認兩造剩餘
      財產差額仍以平均分配為公允，兩造剩餘財產差額經平均
      分配後，原告得向被告請求4,714,568 元（9,429,136 元
      ÷2 ＝4,714,568 元）。
六、從而，原告本於民法第1030條之1 第1 項規定，請求被告給
    付4,714,568 元及自起訴狀繕本送達翌日起即106 年4 月15
    日起至清償日止，按週年利率百分之五計算之利息，為有理
    由，應予准許，逾此數額部分，為無理由，應予駁回。"
"106,家訴,94"",民事,夫妻剩餘財產分配,""臺灣新北地方法院民事判決",1/2,4,6,0,2,2,0,0,0,0,0,0,0,"原告依民法第1030條之1 規定及繼承法律關係，
    請求被告於繼承被繼承人謝黃金蘭之遺產範圍內，連帶給付
    8,947,685 元，及自107 年1 月16日起至清償日止，按週年
    利率5%計算之利息，洵屬有據，應予准許。"
"106,家訴,105"",民事,夫妻剩餘財產分配,""臺灣新北地方法院民事判決",1/2,4,6,0,0,1,0,0,0,0,0,0,0,"原告依民法第1030條之1 第1 項規定，請求被告給付
    1,270,223 元，為有理由，應予准許，逾此範圍所為請求則
    為無理由，應予駁回。"
"106,家訴,120"",民事,夫妻剩餘財產分配,""臺灣新北地方法院民事判決　　",1/2,4,6,0,0,2,0,0,0,0,0,0,0,"反請求原告之剩餘財產為67,008元元，被告之剩餘
      財產為2,026,985元（計算式：930＋1,940,000＋86,055
      ＝2,026,985）。兩造剩餘財產差額為1,959,977元，而反
      請求原告之剩餘財產較反請求被告為少，即得向反請求被
      告請求剩餘財產分配。從而，原告得請求被告給付兩造剩
      餘財產分配差額之二分之一即979,989元（計算式：1,959
      ,977÷2＝979,989，元以下四捨五入）。"
臺灣新北地方法院民事判決106年度家訴字第136號,1/2,0,0,8,0,0,4,0,0,0,0,0,0,"兩人剩餘財產差額為1,559,987 元（計算式：2,112,937 －552,950 ＝1,559,987 ），經平均分配後，被告應給付原告之剩餘財產差額為779,994 元（計算式：1,059,987÷2 ＝779,993.5 ，小數點以下四捨五入）。本件原告依民法第1030條之1 之規定，請求被告給付原告779,994 元，及自107 年4 月18日起至清償日止，按週年利率百分之五計算之利息，洵屬有據"
臺灣新北地方法院民事判決106年度家訴字第163號,1/2,0,0,0,0,0,5,0,0,0,0,0,0,"本件原告得向被告請求分配之兩造婚後財產差額為1,440,80 6 元：
    按夫妻剩餘財產之分配，以平均分配為原則，原告請求者亦係兩造婚後財產差額之半數，可認有理。兩造婚後財產狀況已見於上，差額係2,881,612 元，予以平均分配後，原告應得向被告請求1,440,806 元，原告提起本件請求，請求夫妻剩餘財產差額半數之前開金額，及自起訴狀繕本送達被告之翌日即106 年9 月23日（可參卷一169 頁送達回證）起至清償日止，按年息百分之5 計算之遲延利息，為有理由"
臺灣新北地方法院民事判決106年度家訴字第145號,1/2,0,0,0,0,0,5,0,0,0,0,0,0,"原告剩餘財產為21
    萬9563元，被告之剩餘財產為725萬6112 元，是兩造剩餘財
    產差額即為703萬6549元，兩造平均分配之金額為351萬8275
    元（計算式：703萬6549元÷2，元以下四捨五入）。準此，
    原告所得請求分配剩餘財產差額為351萬8275元。
七、綜上所述，原告依民法第1030條之1第1項規定，請求被告給
    付351萬8275元，及自108年8 月26日起至清償日止，按年息
    百分之5 計算之利息，為有理由"
"101年度重家訴字第13號,臺灣彰化地方法院家事判決　　　　　 ",1/2,0,0,0,0,0,0,0,0,0,0,0,0,"結果:兩造財產之差額為67,632,598元減39,633,491元為
    27,999, 107元。該數額除以2為13,999,554元（27,999,107
    ÷2＝13,999,554元），原告所得請求之剩餘財產為13,999,
    554元，綜上，原告請求被告應給付原告13,999,554元，及
    自起訴狀繕本送達翌日即101年10月20日起至清償日止按年
    息百分之五計算之法定遲延利息範圍內，係合法且有理由，
    可予准許。
"
"101年度家訴字第11號,臺灣彰化地方法院民事判決　　　　　　 ",1/2,0,0,0,0,0,0,0,10,0,0,0,0,"結果:莊秀英與被告
    剩餘財產之差額為2,871,505元，莊秀英對被告有1,435,752
    元之剩餘財產分配請求權。

"
"101年度家訴字第13號,臺灣彰化地方法院民事判決　　　　　　 ",1/2,0,0,0,0,0,0,0,0,0,0,0,0,"結果:粘順豊與被告剩餘財產之差額為882,935元，
    粘順豊對被告有441,467.5元之剩餘財產分配請求權。
"
"101年度家訴字第33號,臺灣彰化地方法院民事判決　　　　　　 ",0,10,0,0,0,0,0,0,0,0,0,0,0,"結果:就系爭不動產剩餘價金，自不應享有分配之
      權利，可認被告辯稱平均分配餘財產差額顯失公平，衡諸
      社會客觀事實，尚非無據，應依民法第1030條之1第2項規
      定，就兩人婚後剩餘財產之差額減免被告給付訴外人葉來
      福為宜。
"
"101年度家訴字第42號,臺灣彰化地方法院家事判決　　　　　　 ",1/2,0,0,0,0,0,0,0,0,0,0,0,0,"結果:是以，
    黃紅珠與被告剩餘財產之差額為1,177,069元（1,177,069－
    0），黃紅珠對被告依法得請求剩餘財產分配之金額為該差
    額二分之一即588,534元。
"
"101年度家訴字第57號,臺灣彰化地方法院民事判決",1/2,0,10,0,0,0,0,0,0,0,0,0,0,"結果:本件兩造於法定財產關係消滅時之剩餘財產
      差額為2,658,104元，依民法第1030條之1之規定，婚後財
      產數額較少之一方得向他方請求差額之半數，是本件原告
      起訴向被告請求剩餘財產之差額1,329,052元【計算式：
      2,660,449元（被告）－2,345元（原告）＝2,658,104元
      ÷2＝1,329,052元】及自起訴狀繕本送達翌日即101年5月
      31日起，至清償日止，按年息5%計算之法定遲延利息，為
      有理由，應予准許。
"
"101年度家訴字第76號
102年度家訴字第47號,臺灣彰化地方法院民事判決　　　　　　 
",0,0,0,0,0,0,8,10,0,0,0,0,0,"結果:兩造各指對方有損分配財產之行為，並各列萬元以上之支付
    稱應納入分配部分，本院參酌並無實據可證，且對各自之花
    費均採對己寬，對人嚴之態度，均失厚道，認兩造此部分均
    未足採取。
綜上，原告之訴無理由，應予駁回。
"
"102年度重家訴字第10號,臺灣彰化地方法院民事判決　　　　　 ",1/2,0,6,0,0,0,10,0,0,0,0,0,0,"結果:被告買賣土地所
    得，減去原告前述土地之公告現值，除以2再減去被告於離
    婚前已給付原告之300萬元，即為原告得請求被告給付之數
    額為53,963,375元。
"
"102年度家訴字第14號,臺灣彰化地方法院民事判決　　　　　　 ",1/2,0,10,0,0,0,0,0,0,0,0,0,0,"結果:兩造剩餘財產差額應平均分配，始符公允。是
    原告自得依民法第1030條之1第1項規定，請求被告給付兩造
    剩餘財產差額之1/2即1,737,302元（計算式：1,737,302÷2
     ＝868,651）。準此，原告僅請求被告給付兩造剩餘財產差
     額60萬元，為有理由，應予准許。
"
"102年度家訴字第60號,臺灣彰化地方法院民事判決　　　",1/2,0,3,0,0,0,0,0,0,0,0,0,0,"結果:爰以原告
    、被告剩餘財產各為3,646,370元、1,319,355元，故兩造剩
    餘財產之差額為2,327,015元，依法應平均分配，則原告於
    請求被告應給付原告於1,163,508元（元以下四捨五入）之
    範圍內係適法有理由。
"
臺灣板橋地方法院民事判 100年度家訴字第33號,1/2,1,0,0,1,1,0,0,0,0,0,0,0,"原告與林鄭金枝婚後財產之差額為1483萬9044元（計
    算式：0000000000＝00000000），兩人應平均分配，則原
    告可分得之財產為741萬9522元（計算式：00000000÷2＝
    0000000）。
八、從而，原告依民法第1030條之1第1項、第1148條第1項、第
    1153條第1項之規定，請求被告應連帶給付原告741萬9522元
    及自起訴狀繕本送達被告之翌日即100年2月12日起至清償日
    止，按年息百分之5計算之利息，為有理由，應予准許。"
臺灣板橋地方法院民事判決100年度家訴字第48號,1/2,1,0,0,1,2,0,0,0,6,0,0,0,"惟被告得對原告有99,500元之債權存在，為
    兩造所不爭，是被告以該金額主張抵銷，於法核無不合，經
    抵銷後尚餘4,69 3,833元（4,793,333-99,500=4,693,833）
    。再被告於離婚後曾先後給付被告兩造剩餘財產差額款3,58
    0,000 元，並經本院認定如前，自應予扣除，是扣除後，被
    告尚應給付原告1,113,833 元（4,693,833-3,580,000=1,11
    3,833 ）。"
臺灣板橋地方法院民事判決100年度家訴字第79號,1/2,0,0,0,0,0,2,1,0,0,0,0,0,"兩造之財產計算差額為5,621,971 元（6,335,086 元－713,115 元=5,6 21,971元），故原告請求平均分配，原告得向被告請求給付2,810,986 元（元以下四捨五入）。
五、綜上所述，原告依夫妻剩餘財產分配請求權，請求被告給付2,810,986 元，及自起訴狀繕本送達被告之翌日即100 年2月25日起至清償日止，按年息百分之2 計算之利息，為有理由"
臺灣板橋地方法院民事判決100年度家訴字第81號,1/2,0,0,0,0,0,10,10,10,0,0,0,0,"被告於前開夫妻法定財產關係消滅時所餘之
        婚後財產應為1,240,397 元（2,400,000+2,103-427,98
        9- 735,820＝1,240,397 ）。
    ㈢綜上，本件原告主張被告應給付債務人謝學焜上開財產差
      額之半數即620,165 元（1,240,397/2 ＝620,165 ），尚
      屬有據。被告經合法通知，未於言詞辯論期日到庭，復未
      具書狀為何陳述或主張，自應認原告前揭主張為實在。"
臺灣板橋地方法院民事判決101年度家訴字第8號,1/2,0,0,0,0,0,5,0,0,0,0,0,0,"被告與訴外人廖益成間之婚後剩餘財產差額應為
    431,900 元，足堪認定。"
"　　　　　　
103年度家訴字第33號,臺灣彰化地方法院民事判決　　　　",1/2,0,2,0,0,0,0,0,0,0,0,0,0,"結論:原告夫之剩餘財產金額
  為897,010元，被告之剩餘財產金額為4,529,874元，其差額為
  3,632,864元，兩造夫妻對於該差額應平均分配，未有爭執，
  依民法第1030條之1第1項前段規定，被告應給付原告夫之金額
  為1,816,432元，原告此部分請求，應屬有據，逾此部分，尚
  屬無憑。
"
"103年度家訴字第52號,臺灣彰化地方法院民事判決　　　　　　 ",1/2,0,9,0,0,0,0,0,0,0,0,0,0,"結果:原告之剩餘財產為15,938元，被告之剩餘財產為
    1,183,997元，兩造剩餘財產之差額即為1,168,059元（計算
    式：1,183,997元－15,938元＝1,168,059元）。是原告自得
    依民法第1030條之1第1項規定，請求被告給付兩造剩餘財產
    差額之1/2即584,030元（計算式：1,168,059元÷2＝584,03
    0元，元以下四捨五入）。準此，原告僅請求被告給付兩造
    剩餘財產差額584,029元，為有理由，應予准許。
"
"104年度家訴字第3號、第32號,臺灣彰化地方法院民事判決　　　",1/2,0,3,0,0,0,3,0,0,0,0,0,0,"結果:原告與被
      告林志偉之剩餘財產差額為1,373,853元（計算式：
      1,373,853－0＝1,373,853），依前揭規定，婚後財產數
      額較少之一方得向他方請求差額之半數，是原告得向被告
      林志偉請求剩餘財產之差額為686,927元（計算式：
      1,373,853÷2＝686,926.5，小數點以下四捨五入）。
"
臺灣板橋地方法院民事判決101年度家訴字第35號,1/25,8,0,0,0,9,0,0,0,0,0,0,0,"本院認為剩餘財產分配之差額調整為由訴外人許書龍取得1/25，其餘則歸被告取得，始為公平。故訴外人許書龍所得請求之分配額應酌減至剩餘財產差額之1/25即173,284 元(計算式：剩餘財產差額4,332,098 ×1/ 25=173,284 元，元以下4 捨5 入）。"
臺灣板橋地方法院民事判決101年度家訴字第57號,1/2,0,0,0,0,0,10,0,0,0,0,0,0,"債務人黃清富本於夫妻剩餘財產分配請求權之規定
      ，本得向被告楊小萍請求給付上開財產差額之半數即3,13
      2, 874元＜（6,265,748-0 ）/2=3,132,874元＞。"
臺灣板橋地方法院民事判決101年度家訴字第58號,0,10,0,0,10,10,0,0,0,0,0,0,0,"張政雄對被告剩餘財產差額之分配額，既經本院
    依法予以免除，張政雄對被告已無剩餘財產差額分配請求權"
臺灣新北地方法院民事判決101年度家訴字第69號,0,2,8,0,0,2,0,0,0,0,5,0,0,原告依離婚協議書之約定及民事訴訟法第246 條之規定，預為請求被告給付未成年子女扶養費352 萬元，為無理由，應予駁回。
臺灣板橋地方法院民事判決101年度家訴字第74號,1/2,0,0,0,0,0,10,10,0,0,0,0,0,"顏清法應列入分配之婚後財產為
    零，故兩人婚後財產之差額為1020萬元，顏清法可得請求分
    配其中之半數即510萬元（計算式：00000000÷2＝0000000
    ）"
臺灣板橋地方法院民事判決101年度家訴字第192號,0,8,0,0,0,8,8,0,0,0,10,0,0,被告兩人於離婚時，考量雙 方對家庭家務、子女照顧、財產積累等情後，協議被告黃進 榮拋棄對被告邱雀剩餘財產分配之請求，乃與民法第1030條 之1 第2 項後段關於「免除或調整一方夫妻剩餘財產分配權 利」之法理相合
"105年度重家訴字第5號,臺灣彰化地方法院民事判決　　　　　　",1/2,0,3,0,0,0,0,0,0,0,0,0,0,"結果:兩造於婚姻關係存續中取得而現存之婚後財產，剩餘
    財產差額為5,062,031元【計算式：（12,220,578－2,096,5
    16元）÷2＝5,062,031元，元以下4捨5入。】。
"
"105年度家訴字第17號,臺灣彰化地方法院民事判決　　　　　　 ",1/2,3,0,0,0,0,0,0,10,0,0,0,0,"結果:原告自得依
    民法第1030條之1 第1 項規定，請求被告給付兩造剩餘財產
    差額之2 分之1 即3,108,896 元（計算式：6,217,791 元÷
    2 ＝3,108,896 元，元以下四捨五入）。
"
"105年度家訴字第34號,臺灣彰化地方法院民事判決　　　　　　 ",1/2,0,3,0,0,0,0,0,0,0,,0,0,"結果:兩造於婚姻關係存續中取得而現存之婚後財產，剩餘
    財產差額為1,681,866元【計算式：（4,090,418元－726,68
    7元）÷2＝1,681,866元，元以下4捨5入。】，原告依民法
    第1030條之1第1項規定，自得請求被告給付兩造剩餘財產差
    額之1/2，即1,681,866元。
"
臺灣板橋地方法院民事判決101年度家訴字第238號,1/2,0,0,0,0,0,10,10,0,0,0,0,0,"訴外人劉亮與被告於101 年4 月30日夫妻法定財產制消滅時 ，訴外人劉亮因婚後負債大於財產，故無剩餘財產，被告婚 後財產僅有系爭不動產，價值為955 萬元之事實，為兩造所 不爭執，業如前述；又被告婚後負債為積欠訴外人劉凱之債 務915 萬元及兆豐國際銀行信用卡帳款78,213元等情，復為 本院認定如前。綜上，被告婚後之剩餘財產為321,787 元（ 9,550,000 -9,150,000-78,213=321,787 ），被告與訴外人 劉亮之剩餘財產差額為321,787 元（321,787-0 ），經平均 分配後，訴外人劉亮對於被告有160,894 (321,787÷2 ＝1 60,894，元以下4 捨5 入）之剩餘財產差額分配請求權。"
臺灣板橋地方法院民事判決101年度家訴字第251號,1/2,0,0,0,0,0,10,10,0,0,0,0,0,"潘瑞貞與被告於101 年5 月7 日夫妻法定財產制消滅時，潘 瑞貞因婚後負債大於財產，故無剩餘財產，而被告則無其他 婚後財產，僅有系爭不動產依法應追加計算，該不動產處分 時之價值為365 萬元，又被告婚後負債為積欠訴外人沈基福 之債務55萬元及新北市泰山區農會之貸款2,032,289 元等情 ，業據原告主張及本院認定如前述。綜上計算，被告婚後之 剩餘財產為1,067,711 元（3,650,000-2,032,289-550,000= 1, 067, 711 ），被告與潘瑞貞之剩餘財產差額為1,067,71 1 元（1,067,711-0 ），經平均分配後，潘瑞貞對於被告有 533, 855元(1,067,711÷2 ＝533,855 ，元以下捨去）之剩 餘財產差額分配請求權。"
"105年度家訴字第77號,臺灣彰化地方法院民事判決　　　　　　 ",0,0,0,0,0,0,10,0,0,0,0,0,0,"結果:原告應列入夫妻剩餘財產分配之婚後財產總額為
    3,031,134元，被告應列入夫妻剩餘財產分配之婚後財產總
    額為2,660,977元，是原告並無可請求被告給付之夫妻婚後
    剩餘財產差額存在。原告依民法第1030條之1第1項夫妻剩餘
    財產分配請求權之規定，請求被告給付125萬元及法定遲延
    利息，為無理由，應予駁回。
"
"106年度家訴字第8號,臺灣彰化地方法院民事判決　　　　　　 ",1/2,0,3,0,0,0,0,0,0,0,0,10,0,"結果:原告得向被告請求剩餘財產中
    系爭房地之差額為242萬4,774元。復依前揭協議，被告給付
    原告岱侑企業社利潤（扣除債務）40萬元，則應可確認被告
    應分配予原告剩餘財產應為200萬元以上。
"
"106年度家訴字第52號,臺灣彰化地方法院民事判決　　　　　　 ",1/2,0,3,0,0,0,0,0,10,0,0,0,0,"結果:原告之剩餘財產為701,965 元，被告如上所示之
    剩餘財產總額為2,595,906 元，兩造剩餘財產之差額即為1,
    893,941 元。是原告自得依民法第1030條之1 第1 項規定，請求被告
    給付兩造剩餘財產差額之2 分之1 即947,105 元。
"
臺灣新北地方法院民事判決101年度家訴字第257號,1/2,1,9,1,0,1,8,8,0,0,0,0,0,"綜上說明，兩造剩餘財產差額經平均分配後，原告得向被告請求2,753,338 元（5,506,676 ÷2 ＝2,753,338 ）。從而，原告基於民法第1030條之1 第1 項規定，請求被告給付2,753,338 元及自102 年1 月3 日擴張訴之聲明書狀送達被告翌日即102 年1 月4 日起至清償日止，按年息5%計算之法定延遲利息，為有理由"
臺灣新北地方法院民事判決101年度家訴字第257號,1/2,2,8,1,0,1,0,0,0,0,0,0,0,"原告於100 年3 月1 日婚後財
    產為3,329,489 元【計算式:8,220〈玉山商業銀行存款〉+8
    09〈郵局存款〉+4,750< 志聖工業股票>+7,320<宏傳電子股
    票>+3,308,390 < 以原告為要保人之遠雄人壽、富邦人壽、
    國泰人壽、三商美邦人壽、南山人壽保單價值> ＝3,329,48
    9 】，婚後債務為17,795,510【計算式:295,510< 臺灣中小
    企業銀行借款>+17,500,000< 甲○○借款> ＝17,795 ,510
    】，剩餘財產為0 元（負債大於財產以0 計）；被告於100
    年3 月1 日婚後財產為6,593,589 元【計算式:6,565, 000<
    新莊後港一路房地>+28,589< 大眾銀行存款> ＝6,593, 589
    】，婚後負債為1,086,913 元< 新莊區農會房屋貸款> ，剩
    餘財產為5,506,676 元【6,563,589-1,086,913 ＝5,506,67
    6 】，兩造剩餘財產差額為5,506,676 元。"
臺灣新北地方法院民事判決101年度家訴字第261號,1/2,0,0,10,0,0,0,0,0,0,0,0,0,"綜上調查，本件原告婚後財產有股票37萬元，靈骨塔出售所得16萬元，共計53萬元；被告則有婚後財產存款及外幣等合計372,666 元及應加計上開處分婚後所有系爭房地所得560萬元，共計5,972,666 元。是兩造婚後財產之差額為被告較原告多出5,442,666 元（5,972,666-530,000 ＝5,442,666），依首揭說明，兩造應平均分配，是原告得請求分配之金額為2,721,333 元。"
"97年度家訴字第89號,臺灣臺北地方法院民事判決　　　　　　　",1/2,0,0,0,0,0,8,0,0,0,0,0,0,"結果:原告婚後現存財產價值為
      328萬4880元，減去負債324萬元，其剩餘財產為4萬4880
      元。被告婚後現存財產價值為3690萬8644元，婚後無實質
      負債，其剩餘財產為3690萬8644元，減去原告剩餘財產4
      萬4880，差額為3686萬3844元，兩造剩財產差額半數即為
      1843萬1922元，故原告請求被告分配剩餘財產1843萬1922
      元部分，於法有據，自應准許。
"
"98年度重家訴字第20號,臺灣臺北地方法院民事判決　　　　　　",1/3,0,10,0,0,0,1,0,0,0,0,0,0,"結果:原告與被告，以一：二之比例分配剩餘財產，應屬公平
  。本件兩造於法定財產關係消滅時之剩餘財產差額為161,022,
  936元（182,877,812-21,854,876)，原告得對被告請求此差額
  之三分之一，即53,674,312元。
"
"98年度家訴字第146號,臺灣臺北地方法院民事判決　　　　　　 ",1/2,0,0,0,0,0,8,0,0,0,0,0,0,"結果:兩造剩餘財產差額為973,995 元（計算式：3,616,394 元－
    2,642,399 元＝973,995 元）。原告應分得半數即486,998
    元（小數點以下四捨五入）。
"
"99年度家訴字第85號,臺灣臺北地方法院民事判決　　　　　　　　　　　　　 ",1/2,0,10,0,0,0,0,0,0,0,0,0,0,"結果:原告與被告於法定財產制關係消滅時，雙方剩餘
    財產之差額為14,117,861元。原告依民法第1030條之1第1項
    ，請求被告給付差額之二分之一，即7,058,931 元，及自96
    年11月23日起至清償日止，按年利率5%計算之利息，為有理
    由，應予准許。
"
"99年度家訴字第264號,臺灣臺北地方法院民事判決　　　　　　 ",1/2,0,10,0,0,0,5,0,0,0,0,0,0,"結果:原告民法第1030條之1第1項規定，請求被告給付1,154,
  138元及自起訴狀繕本送達之翌日起，即自99年8月19日起至清
  償日止，按年息百分之五計算之利息，為有理由，應予准許
"
"100年度重家訴字第26號,臺灣臺北地方法院家事判決　　　　 ",0,0,0,0,0,0,9,0,0,0,0,0,0,"結果:原告之婚後財產多於被告，從而，原告依剩餘財
    產分配請求之法律關係，請求被告給付8,085,151元及自起
    訴狀繕本送達翌日即100年7月22日起至清償日止按週年利率
    百分之5計算之利息，為無理由，應予駁回。
"
" 100年度重家訴字第37號,臺灣臺北地方法院家事判決　　　　　",1/2,0,10,0,0,0,0,0,0,0,0,0,0,"結果:原告依民法第1030條之1、第1030條之3第1項
      請求被告就剩餘財產差額半數範圍內給付原告1300萬元，
      及自100年8月16日起至清償日止按年息百分之五計算之利
      息為有理由，應予准許。
"
"100年度重家訴字第45號,臺灣臺北地方法院民事判決　　　　　 ",1/2,0,0,0,0,0,10,0,0,0,0,0,0,"結果:原告之婚後剩餘財產多於被告，原告無從向被告
    請求剩餘財產差額分配，原告先位聲明請求被告給付900 萬
    元及法定遲延利息，為無理由，應予駁回。
"
"100年度重家訴字第49號,臺灣臺北地方法院民事判決　　　　　 ",0,10,0,0,0,0,0,0,0,0,0,0,0,"不動產部份之結果:本院審酌前情，認原
  告對於被告名下系爭房地財產之累積無貢獻，若得平均分配顯
  失公平，應免除其此部分之分配。

"
"100年度重家訴字第49號,臺灣臺北地方法院民事判決　",1/2,0,8,0,0,0,0,0,0,0,0,0,0,"動產部分之結果:至於動產，即現金存款部分
  ，認以一：一之比例分配剩餘財產，應屬公平。則本件兩造於
  法定財產關係消滅時之剩餘財產差額於扣除免除分配部分後為
  312,473元，原告得對被告請求此差額之二分之一，即156,237
  元（四捨五入）  。
"
"100年度家訴字第123號,臺灣臺北地方法院民事判決　　　　　　",1/2,0,8,0,0,0,0,0,0,0,0,0,0,"結果:原告本於債權人之地位，因債務人即王麟在被告
    夫妻改用分別財產制後，怠於行使對被告（即第三債務人）
    之夫妻剩餘財產請求權利，依據民法第242條、第1030條之1
    第1項之規定，代位請求債務人即被告分配夫妻剩餘財產之
    半數，並由原告代為受領，自屬正當，應予准許。從而，原
    告訴請被告給付王麟1,327,484元，及自民事補充理由狀（
    六）繕本送達翌日即101年1月11日起至清償日止按年息5%計
    算之利息，並由原告代為受領，為有理由，應予准許。
"
"100年度家訴字第153號,臺灣臺北地方法院民事判決　　　　　　",0,0,0,8,0,0,0,0,0,0,0,0,0,"結果:原告之婚後剩餘財產價值高於被告，原告自自無
    從向被告請求分配兩造婚後剩餘財產差額。從而，原告依夫
    妻剩餘財產差額分配之法律關係，請求被告給付210萬元9,0
    12元及自起訴狀繕本送達翌日起至清償日止，按年息5 ％計
    算之利息，為無理由，應予駁回。
"
"100年度家訴字第204號,臺灣臺北地方法院民事判決　　　　　　",1/2,0,0,0,0,0,0,0,10,0,0,0,0,"結果:被告與王劉生之剩餘財產差額（不動產未計）至少有99
    3,522元（房地部分除外），王劉生對於被告至少有496,761
    元之剩餘財產差額分配請求權。
"
"100年度家訴字第153號,臺灣臺北地方法院民事判決　　　　　　",0,0,0,0,0,0,8,0,0,0,0,0,0,"結果:原告之婚後剩餘財產價值高於被告，原告自自無
    從向被告請求分配兩造婚後剩餘財產差額。從而，原告依夫
    妻剩餘財產差額分配之法律關係，請求被告給付210萬元9,0
    12元及自起訴狀繕本送達翌日起至清償日止，按年息5 ％計
    算之利息，為無理由，應予駁回。
"
臺灣新北地方法院民事判決105年度家訴字第132號,0,0,0,0,0,0,10,10,0,0,0,0,0,"依上開調查結果，原告並無任何現存婚後財產，其剩餘財
      產以零元計；被告亦無任何可資列入分配之現存婚後財產
      ，故其剩餘財產為零元，兩造剩餘財產差額即為零元。因
      被告現存之婚後財產等同於原告現存之婚後財產，依民法
      1030條之1 第1 項規定，原告已無任何剩餘財產差額得以
      請求分配。"
臺灣新北地方法院民事判決105年度家訴字第129號,1/2,0,0,8,0,0,0,0,0,0,0,0,0,"原告婚後剩餘財產為49,969元，被繼承人婚後剩
    餘財產為34,929,397元，兩造剩餘財產差額為34,671,702元
    （即34,929,397元-49,969元＝34,879,428元），經平均分
    配後，被告應給付原告之剩餘財產差額為17,439,714元【計
    算式：34,879,428元÷2=17,439,714元】故被告應給付原告
    17,439,714元。"
臺灣新北地方法院民事判決 105年度家訴字第92號,1/2,1,9,0,1,1,0,10,0,0,0,0,0,"原告主張依民法第1030條之1第1項前段規定，平均分
    配其與被告乙○○之剩餘財產差額，據以請求被告乙○○給
    付389萬7729元（計算式：779萬5457元÷2 ，元以下四捨五
    入），及自105年4月6日起至清償日止，按週年利率百分之5
    計算之遲延利息，為有理由，應予准許。原告逾上開範圍之
    金額及遲延利息請求，及就被告丁○○、丙○○之請求，均
    為無理由，均應予駁回。又原告陳明願供擔保請准宣告假執
    行，關於原告勝訴部分，於法核無不合，爰酌定相當之擔保
    金額，予以准許。"
臺灣新北地方法院民事判決 105年度家訴字第89號,1/2,1,9,0,1,0,0,0,0,0,0,0,0,"原告之剩餘財產為33,873元(郵局存款13873元＋20000元)，被告之婚後財產則為62,755元（第一商業銀行存款16, 805元、中華郵政公司存款29,382元、華泰銀行存款16,568元）。兩造夫妻剩餘財產差額為28,882元，而原告之剩餘財產較被告為少，即得向被告請求剩餘財產分配。兩造既未以契約訂立夫妻財產制，自應以法定財產制為其夫妻財產制；又兩造業經本院判決婚姻無效確定，而原告對被告於婚姻關係存續中取得之上開財產既有所協力及貢獻，本院認原告主張兩造剩餘財產差額應平均分配一節，尚符公允。從而，原告依民法第1030條之1第1項規定，請求被告給付兩造剩餘財產分配差額之二分之一即14,441元（28882÷2＝14,4 41，元以下四捨五入）。"
臺灣新北地方法院民事判決105年度家訴字第66號,1/2,0,10,0,1,1,0,0,0,0,0,0,0,"原告亦提出婚姻中薪資明細及貸款還款明細在卷可憑，足認原告對被告婚後財產之增加亦有相當之協力與貢獻，從而被告主張原告就被告財產之增加，全無貢獻，非屬可採。基上，被告抗辯平均分配兩造剩差額對被告顯失公平，請求依民法第1030條之1第2項規定調整或免除原告應分配之剩餘財產云云，委無可取。
  2.綜上所述，上開被告之系爭房地，經鑑定價格為1271萬元，扣除尚未清償完畢之貸款餘額102 萬1934元後，淨額為1168萬8066元，此為兩造所不爭執。原告婚後剩餘財產為0 元，被告婚後剩餘財產為1168萬8066元，兩造剩餘財產差額為11 68萬8066元（即1168萬8066元-0元＝1168萬8066元），經平均分配後，被告應給付原告之剩餘財產差額為584 萬4033元（即1168萬8066元÷2=584 萬4033元）。從而，原告依夫妻剩餘財產分配請求權，請求被告給付584 萬4033元，及自本件起訴狀繕本送達之翌日105 年5 月14日起至清償日止按年息百分之五計算之利息，為有理由，應予准許。"
臺灣新北地方法院民事判決105年度家訴字第3號,0,10,0,0,0,10,0,0,0,0,1,0,0,"本院認本件倘平均分配剩餘財產差額有顯失公平之情形，應不予分配，較為適當。從而，原告請求被告黃素蘭應給付1,087,132 元及遲延利息，並請求供擔保宣告假執行，均無理由，應予駁回。"
臺灣新北地方法院民事判決105年度重家訴字第23號,1/2,1,9,0,0,1,0,0,0,0,0,0,0,"兩造剩餘財產之差額為16,438,186元，原告得依法請求平均分配夫妻現存婚後財產差額為8,219,093 元。從而，原告依民法第1030條之1 規定，請求被告給付剩餘財產分配差額8,219,093 元，及自105 年8 月5 日起，至清償日止，按週年利率百分之5 計算之利息部分，為有理由，應予准許。"
臺灣新北地方法院民事判決104年度家訴字第159號,1/2,0,0,2,0,0,5,0,0,0,0,0,0,"原告婚後之積極財產扣除所負債務後為13,251,1 53元（56,417元＋949,564 元＋54,621元＋4,924 元＋425,653 元＋38萬元＋16,139,974元－476 萬元），被告之婚後積極財產扣除所負債務後則為20,777,743元（279,395 元＋422 元＋22,176元＋2,287 元＋5,703,032 元＋1,729,665元＋4,834,171 元＋2,532,628 元＋3,208,596 元＋3,208,596 元＋3,830,282 元＋2,632,718 元－1,829,541 元－1,001,021 元－1,521,654 元－1,455,087 元－1,150,409 元－47,667元－51,312元－149,534 元）。按夫妻剩餘財產之分配，以平均分配為原則，原告請求者亦係兩造婚後財產差額之半數，可認有理。兩造婚後財產既見於上，差額乃為7,526,590 元，予以平均分配後，原告應得向被告請求3,763,295 元（元以下四捨五入），原告提起夫妻剩餘財產分配之訴，請求夫妻剩餘財產差額半數之前開金額，及其中55萬元部分自起訴狀繕本送達被告之翌日即104 年7 月29日（可參卷一12頁送達回證）起至清償日止，與其餘部分自訴之變更追加狀繕本送達被告之翌日即105 年10月21日（可參卷四60頁送達回證）起至清償日止，均按年息百分之5 計算之遲延利息，為有理由"
臺灣新北地方法院民事判決104年度家訴字第135號,1/2,0,10,0,0,0,0,0,0,0,0,0,0,"兩造婚後剩餘財產差額為1333萬元，平均分配後應為6,665,000 元（＝13,330,0 00÷2 ），原告依民法第1030條之1 第1 項規定，起訴請求被告給付6,665,000 元，即屬有據。又請求給付夫妻剩餘財產差額分配款，屬給付無確定期限之債權，依原告107 年10月29日提出家事綜合言詞辯論意旨狀所載訴之聲明第1 項記載，請求被告自本訴狀送達翌日起至清償日止之法定遲延利息（見本院卷八第212 頁），而該家事綜合言詞辯論意旨狀於107 年11月1 日送達被告訴訟代理人謝崇浯律師，此有送達證書可稽，故原告請求自該訴狀送達翌日即107 年11月 2日起至清償日止之法定遲延利息，為有理由。
五、綜上所述，原告依民法第1030條之1 第1 項規定，請求被告給付6,665,000 元及自107 年11月2 日起至清償日止，按年息5 ％計算之利息，為有理由，應予准許"
臺灣新北地方法院民事判決 104年度家訴字第127號 ,1/2,0,10,0,0,0,0,0,0,0,0,0,0,"原告於婚姻關係存續期間一直有固定之工作及收入，且有負擔未成年子女之保母費、健保費，並對於子女之扶養費用及照顧方面，有相當之付出，此已如上述，足認原告有金錢及勞力支出，並非不務正業，浪費無度，倘無原告之金錢挹注，被告所負擔繳納房屋貸款之壓力勢必更重，縱原告之工作收入遠不及被告，對於被告財產之增加仍非毫無貢獻；且被告亦未能證明原告怠於為家事勞動，或浪費成習等情事，所辯自難遽加採取。從而，本件就兩造剩餘財產之差額予以平均分配，並無顯失公平之情事，自無從依民法第1030條之1 第2 項之規定，酌減或免除原告之分配額。
八、從而，原告依民法第1030條之1 第1 項剩餘財產差額分配請求權之規定，請求被告給付1,207,048 元及自起訴狀繕本送達之翌日即104 年5 月30日起至清償日止按年息百分之五計算之法定遲延利息，為有理由，應予准許。原告逾此範圍之請求，為無理由"
"臺灣新北地方法院民事判決104年度家訴字第98號
",1/2,0,0,0,0,0,5,0,0,0,0,0,0,"原告現存之剩餘財產為226,221 元，被告之剩餘財產為10,312,177元，兩造剩餘財產之差額為10,085,956元（計算式：10,312,177－226,221 ＝10,085,956），平均分配之金額為5,042,978 元（計算式：10,085,956÷2 ＝5,042,97 8 ）。準此，原告所得請求分配剩餘財產差額為5,042,978元。"
臺灣新北地方法院民事判決104年度家訴字第44號,1/2,1,9,0,0,1,0,0,0,0,0,0,0,"兩造剩餘財產之差額為3,977,011 元，原告得依法請求平均分配夫妻現存婚後財產差額為1,988,506 元（計算式：3,977,011 ÷2= 1,988,506，元以下四捨五入）。從而，原告依民法第1030條之1 規定，請求被告給付剩餘財產分配差額1,757,085 元，及自起訴狀繕本送達翌日即103 年12月30日起（卷一第66頁），至清償日止，按週年利率百分之5計算之利息部分，並未逾上開金額，為有理由，應予准許。"
臺灣新北地方法院民事判決104年度重家訴字第34號,1/3,6,4,0,0,9,0,0,0,0,0,0,0,".兩造於結婚之後，被告為維家計時刻努力，本以為可獲原告充分協助，由原告經營家中事務與養育幼女職責，使被告得無任何後顧之憂，詎料事與願違，乙○○、甲○○在與兩造同住之後，便頻繁受原告打壓逼迫，從小便須包辦大小家事，甚常動輒得咎，無端受到原告不當體罰，難以尋得幸福回憶，原告謂其係出於愛之深責之切心態教養兩造之女，卻從不曾盡力拿捏應守分際，謹慎思考擅以暴力對待未成年子女可能對其等產生之身心不良影響，甲○○一再經主管機關查訪探究受照顧狀況，乃至於介入安置，適可證明原告所為早已逾越合理懲戒之界限，於95年家防中心經獲通報前往接觸後，被告亦從是時開始，必已明瞭過往與原告溝通調整教養之所有努力毫無作用，寄望原告順應所勸進行改變已難過度樂觀，原告違背兩造初衷，對共營婚姻，齊力維持家人情誼，或就家庭事務處理竟無一能如預期，被告為此感受失望當可想見，被告在忙碌工作之外，還須持續煩憂家中和諧及減少可能衝突，無法安定心理穩定精神，自此實難再謂原告仍對被告之財產累積存在預期之協力、貢獻，更無庸論情感支持，兩造關係因同一問題癥結日益惡化，至98年10月原告復對乙○○施以家暴時再次爆發，正式導致兩造其後分居之結果，此原應歸責於原告養育照顧兩造女兒手段嚴重不當此情，原告所為顯然和被告最初期待大相徑庭，並超出一般夫妻所能容忍之範疇，更無由再謂原告仍對兩造家事勞務仍有克盡己力之應有分擔，是被告從兩造結婚以來婚後財產縱有持續累積增加，在其於95年間清楚查見原告所為，知悉再難信賴原告過往均有費心照顧子女說詞之後，已難見原告對於被告後續剩餘財產之保持增益，究竟還存有何貢獻。從而，本院認原告欠缺平均分配兩造婚後剩餘財產之正當基礎，自不能使其坐享其成，獲得非分利益，本件若由原告平均分配剩於財產之差額，顯失公平，故本院綜上事證，認應酌原告之分配額至兩造婚後剩餘財產差額之三分之一，即33,118,554（計算式：99,355,662.65 元×1/3 ，小數點以下四捨五入）方為適當。"
臺灣新北地方法院民事判決104年度重家訴字第23號,1/2,2,8,0,0,2,0,0,0,0,0,0,0,"本件兩造婚後剩餘財產差額為24,437,336元，平均分配後應為12,218,668元（＝24,437,336÷2 ），原告依民法第1030條之1 第1 項規定，起訴請求被告給付8,000,000 元，即屬有據。"
臺灣新北地方法院民事判決104年度重家訴字第21號,0,0,0,0,0,0,10,10,0,10,0,0,0,"原告現存婚後財產為0 ，婚後負債為積欠原告之債務4,265,000 元，故其剩餘財產以0 計；被告現存婚後財產為對被告之債權4,265,000 元，無婚後負債，故其剩餘財產為4,265,000 元，兩造剩餘財產差額即為4,265,00 0 元。而依民法1030條之1 第1 項規定平均分配該剩餘財產差額後，原告固得向被告請求2,132,500 元【計算式:4,265,000÷2 ＝2,132,500 】，惟被告以對原告之4,265,000 元債權主張抵銷，核與民法第334 條第1 項前段「二人互負債務，而其給付種類相同，並均屆清償期者，各得以其債務，與他方之債務，互為抵銷」之規定相符，應予准許，是於抵銷後，原告已無任何剩餘財產差額得以請求。"
臺灣新北地方法院民事判決 103年度家訴字第124號,1/2,1,9,0,1,1,0,0,0,0,0,0,0,"反請求原告依民法第1030條之1 第1 項剩餘財產差額分配請求權之規定，請求反請求被告給付5,355,071 元，為有理由，"
臺灣新北地方法院民事判決103年度家訴字第106號,1/2,0,10,0,0,0,0,0,0,0,0,0,0,"綜上事證，原告應列入分配之婚後財產為9萬5192元，而被告應列入分配之婚後財產為589萬3967元，則兩造婚後財產之差額為579萬8775元（計算式：5893967－95192＝5798775）。
五、按兩造於70年12月13日結婚，婚姻期間逾31年，育有四名子女，並共同經營事業，兩造對婚後財產之增加、家務勞動等均有貢獻，是原告請求平均分配夫妻婚後剩餘財產差額，應屬可採。故原告可分得289萬9388元（四捨五入）。"
"100年度家訴字第224號,臺灣臺北地方法院民事判決　　　　　　　　　",0,0,0,0,0,0,0,0,0,0,10,0,0,"結果:原告取得對債務人戴智清之
    債權執行名義前之100年1月31日即協議離婚，且於離婚協議
    書中除約定未成年子女權利義務之行使負擔由被告任之外，
    對於婚後財產之歸屬亦有約定，是債務人戴智清並無怠於行
    使其對於被告剩餘財產分配請求權之情形，原告自無從代位
    行使。從而，原告依據民法第242 條，起訴主張代為行使訴
    外人戴智清對被告本於民法第1030條之1第1項規定所生之剩
    餘財產分配請求權，訴請被告給付訴外人戴智清 5,000,000
    元，其中614,078元由原告代位受領，即屬無據，顯無理由
    ，爰不經言詞辯論，逕以判決駁回之。
"
"100年度家訴字第260號,臺灣臺北地方法院民事判決　　　　　　",1/2,0,0,0,0,0,0,0,10,0,0,0,0,"結論；被告黃米嘉於婚後
    取得財產，合計價值為10,228,800元，扣除最高負債額650
    萬元，尚有3,722,800元，被告程亦齊得向其請求分配其中
    半數1,861,400元，惟怠於行使權利，致原告無法受償，原
    告為保全債權，爰依法代位被告程亦齊向被告黃米嘉請求給
    付分配剩餘財產差額半數中之809,719元，並由原告代為受
    領等語。
"
"100年度家訴字第283號,臺灣臺北地方法院民事判決　　　　　　",1/2,0,0,0,0,0,0,0,10,0,0,0,0,"結論:本院認
  應以每坪25萬元計算，即總價8,000,000 元計算較為合理，是
  經扣除抵押債務3,600,000元後，被告二人剩餘財產差額為4,4
  00,000元，被告劉啟文對於被告黃桂香有2,200,000 元之剩餘
  財產差額分配請求權，應堪認定。
"
"100年度家訴字第300號,臺灣臺北地方法院家事判決　　　　　　",1/2,0,0,0,0,0,9,0,0,0,0,0,0,"結論:綜上所述，原告依民法第242條、第1030條之1之規定，就其
    債務人即被告林明宏對被告吳佩璋給付剩餘財產分配其中5
    百萬元及自法定財產制關係消滅時即100年8月4日起至清償
    日止，按年利率百分之5計算之利息之部分，代位請求並受
    領之，為有理由，應予准許。
"
"100年度家訴字第338號,臺灣臺北地方法院民事判決　　　　　　",0,0,0,0,0,0,9,10,0,0,0,0,0,"結論:原告主張依民法第1030條之1夫妻剩餘財產分配
    請求權，主張系爭2,500萬之債務並不存在，被告尚有婚後
    財產，應與原告婚後財產計算差額後，給付7,850,118元及
    其法定利息與原告之主張，為無理由，應予駁回。
"
"100年度家訴字第340號,臺灣臺北地方法院民事判決　　　　　　",0,0,0,0,0,0,0,0,0,0,10,0,0,"結論:兩造離婚協議書上已就財產關係、放棄贍養費等為
      約定，有前開協議書附卷可稽，顯見該財產關係之約定，
      其性質係兩造婚姻關係消滅後，為免婚姻關係中所取得財
      產計算之繁雜所為分配之約定，且日後不得再為求償。從
      而，原告依民法第1030條之1 夫妻剩餘財產分配請求權，
      請求被告給付300 萬元及自起狀繕本送達翌日起至清償日
      止，按年息5％ 計算之利息，為無理由，應予駁回。
"
"100年度家訴字第357號,臺灣臺北地方法院民事判決　　　　　　",1/2,0,0,0,0,0,7,0,10,0,0,0,0,"結論:基上，
      本件被告現存婚後財產為7,564,560元，扣除債務2,630,2
      08元後，剩餘財產為4,934,352 元，則許世熙得請求被告
      給付剩餘財產分配之差額為2,467,176 元，該債權自法定
      財產制關係消滅時即得行使，訴外人許世熙迄今未行使權
      利，顯然怠於行使，則原告依上開規定，代位訴外人許世
      熙請求被告給付141,370 元，及自起訴狀繕本送達翌日（
      即100年12月13日）起至清償日止按週年利率年息5%計算
      之利息，並由原告代位受領，為有理由，應予准許。
"
"100年度家訴字第398號,臺灣臺北地方法院民事判決　　　　　　",0,0,0,0,0,0,0,0,0,0,10,0,0,"結論:被告與訴外人陳文科於100年7月
      6日協議離婚時，已就婚後取得之財產、所負債務及夫妻
      剩餘財產之分配有所約定，有如前述，彼等已就婚姻關係
      存續中債權債務及財產為分配協議，並相互拋棄剩餘財產
      分配請求權，是被告辯稱訴外人陳文科對伊已無剩餘財產
      分配請求權可行使，尚非無據。原告猶主張代位訴外人陳
      文科請求被告分配夫妻剩餘財產差額半數，即屬無據，自
      不應准許。
"
"100年度家訴字第421號,臺灣臺北地方法院民事判決　　　　　　",1/2,0,3,0,0,0,7,0,0,0,0,0,0,"結論；其剩餘財產為58萬6093元，其夫妻剩餘財
    產之差額半數為293,046元，被告雖辯稱蕭育人對家庭財產
    增加無貢獻，但未舉證，難以憑信，應認為蕭育人對被告有
    剩餘財產分配之請求權。
"
" 101年度重家訴字第44號,臺灣臺北地方法院民事判決　　　　　",1/2,0,0,0,0,0,9,0,0,0,0,0,0,"兩造於婚姻關係存續中剩餘財
    產之差額為6,539,429元(9,885,901─3,346,472)，依民法
    第1030條之1之規定，婚後財產數額較少之一方得向他方請
    求差額之半數，是本件原告得向被告請求剩餘財產之差額共
    3,26 9,715元，故原告請求被告給付新臺幣3,269,715元及
    自訴狀繕本送達翌日起至清償日止按年息百分之五計算之利
    息，為有理由，應予准許。
"
"101年度家訴字第62號,臺灣臺北地方法院家事判決　　　　　　 ",1/2,0,0,0,0,0,0,0,10,0,0,0,0,"依此
      ，訴外人杜永祥依前揭規定，自得請求被告給付剩餘財產
      分配差額之二分之一即475,663.5元（951,327/2=475,
      663.5）。訴外人杜永祥為原告之債務人，其怠於行使上
      開剩餘財產分配請求權，依前揭規定，原告自得以債權人
      之名義，代位訴外人杜永祥向被告請求給付上開金額。從
      而，原告請求被告應給付杜永祥475,663元，並由原告代
      為受領，於法有據，應予准許。
"
"101年度家訴字第65號,臺灣臺北地方法院民事判決",1/2,7,0,0,0,0,7,0,0,0,0,0,0,"本件兩造剩餘財產之差額為1,374,947元（3,539,992
    －2,165,045＝1,374,947），差額二分之一為687,474元（
    小數點以下四捨五入），則原告依民法第1030條之1第1項規
    定，請求被告給付剩餘財產差額687,474元及自訴狀繕本送
    達翌日即101年1月10日起至清償日止，按週年利率5%計算之
    利息，為有理由，應予准許。"
"101年度家訴字第96號,臺灣臺北地方法院民事判決　　　　　　 ",1/2,0,0,0,0,0,0,0,0,0,10,0,0,"，原告依民法第244條第1項規定，請求撤銷被告李
    春生對於被告林麗美所為拋棄夫妻剩餘財產分配請求權之意
    思表示，並依民法第242條規定，請求被告林麗美給付被告
    李春生993,605元，由原告代位受領之，均無理由，應予駁
    回。"
"101年度家訴字第138號,臺灣臺北地方法院民事判決　　　　　　",1/2,0,0,0,0,0,0,0,0,0,10,0,0,"邱平滿對被告並無剩餘財產差額分配請求權，原
    告基於民法第242條、第1030條之1規定，請求被告給付邱平
    滿1,640,963元，並無理由，應予駁回。"
"　106年度家訴字第187號,臺灣臺中地方法院民事判決　　　　　",1/2,10,0,0,0,0,0,8,0,0,0,0,0,"原告雖主張兩造於105 年9 月26日之剩餘財產差
    額為2,694,691 元，原告依民法第1030條之1 第1 項之規定
    請求平均分配，惟被告對於上開差額之取得並無貢獻或協力
    ，經本院依民法第1030條之1 第2 項之規定，免除原告之分
    配額，故原告請求被告給付原告1,347,346 元，及其中1,18
    6,900 元自起訴狀繕本送達被告翌日起，其餘160,446 元自
    107 年1 月19日起，均至清償日止，按年息百分之5 計算之
    利息，為無理由，應予駁回。"
"106年度家訴字第169號,臺灣臺中地方法院民事判決",1/2,0,0,9,0,0,1,10,0,0,0,0,0,"一、被告應給付原告新臺幣八百四十萬八千一百八十五元，及其
    中七百七十三萬二千四百九十一元自107年3月29日起，其餘
    六十七萬五千六百九十四元自108年6月20日起，均至清償日
    止，按年利率百分之5計算之利息。
二、原告其餘之訴駁回。
三、訴訟費用由被告負擔100分之52，餘由原告負擔。"
"106年度家訴字第136號,臺灣臺中地方法院民事判決",1/2,0,0,0,0,0,4,0,0,0,0,0,0,"原告請求系爭不動產應由兩造共同持分各二分之
    一；及被告依法應連帶分擔婚姻存續期間因生活所產生債務
    二分之一計2,370,000元之主張，均無理由，應予駁回。"
" 106年度家訴字第83號,臺灣臺中地方法院民事判決　　　　　　 ",1/2,0,0,9,0,0,9,0,0,0,0,0,0,"一、被告應給付原告新臺幣845萬6941元，及自民國107年2月8日
    起至清償日止，按年息百分之5計算之利息。
二、原告其餘之訴駁回。
三、訴訟費用由被告負擔5分之3，餘由原告負擔。
四、本判決原告勝訴部分，於原告以新臺幣84萬元為被告供擔保
    後，得假執行。
五、原告其餘假執行之聲請駁回。"
"106年度家訴字第79號,臺灣臺中地方法院民事判決",1/2,0,0,1,0,0,8,0,0,0,0,10,0,"兩造剩餘財產之差額為3,287,118 元（計算式：
    4,223,035元－935,917元＝3,287,118 元），是原告依民法
    第1030條之1第1項規定，得請求被告給付剩餘財產差額之2
    分之1即1,643,559元（計算式：3,287,118元÷2＝1,643,55
    9 元）。從而，原告依民法第1030條之1第1項夫妻剩餘財產
    分配請求權之規定，請求被告給付1,643,559元，及自109年
    6月16日起至清償日止，按週年利率百分之5計算之利息，為
    有理由，應予准許，逾此部分，則無理由，應予駁回。"
"106年度家訴字第66號,臺灣臺中地方法院民事判決",0,1,0,9,0,0,8,9,0,0,0,0,0,"原告婚後得列入剩餘財產淨額為0元（計算式：
    314,407.9－814,503＝－500,095.1），被告婚後應列入兩
    造夫妻剩餘財產分配之數額為598萬7,183元（計算式：2,11
    0,183＋3,877,000＝5,987,183），則兩造夫妻剩餘財產之
    差額為598萬7,183元（計算式：5,987,183－0＝5,987, 183
    ）。是原告依法得向被告請求平均分配之剩餘財產為299萬3
    ,592元（計算式：5,987,183×1/2＝2,993,592元，元以下
    四捨五入）。"
" 106年度家訴字第61號,臺灣臺中地方法院民事判決　　　　　　 ",1/2,0,0,0,0,0,9,0,0,0,0,0,0,"原告之剩餘財產為2,399,168元【計算式：3,832,342
    元（婚後財產）－146,430元（婚前財產）－1,286,744元（
    婚後債務：971,250元＋268,024元＋47,470元＝1,286,744
    元）＝2,399,168元】，被告之剩餘財產為5,687,489 元【計
    算式：5,887,489元（婚後財產）－200,000 元（婚前財產）
    ＝5,687,489元】，兩造剩餘財產之差額為3,288,321元（5,
    687,489元－2,399,168元＝3,288,321 元）。本院認兩造剩
    餘財產差額應平均分配，始符公允。是原告依民法第1030條
    之1第1項規定，請求被告給付剩餘財產差額之2分之1即1,64
    4,161元（計算式：3,288,321元÷2＝1,644,161元；元以下
    四捨五入），及其中1,500,000 元自106年1月14日起，其中
    144,161 元自107年1月23日起，均至清償日止，按年息百分
    之五計算之利息，為有理由，應予准許，逾此部分原告之請
    求，即無理由，應予駁回。"
"106年度家訴字第47號,臺灣臺中地方法院民事判決　　　　　　 ",1/2,0,0,0,0,0,8,0,0,0,0,10,0," 綜上，原告之剩餘財產為141,452元，被告之剩餘財產為458
    ,505元，兩造剩餘財產之差額為317,053元（計算式：458,5
    05元-141,452元=317,053元）。本院認兩造剩餘財產差額應
    平均分配，始符公允。是原告依民法第1030條之1第1項規定
    ，請求被告給付剩餘財產差額之2分之1即158,527元（計算
    式：317,053元÷2＝158,527元；元以下四捨五入），及自1
    06年4月14日起，至清償日止，按年息百分之五計算之利息
    ，為有理由，應予准許，逾此部分原告之請求，即無理由，
    應予駁回。"
" 106年度家訴字第45號,臺灣臺中地方法院民事判決　　",1/2,0,0,10,0,0,9,10,0,0,0,10,0,"原告婚後得列入剩餘財產淨額為0元，被告婚後
    應列入兩造夫妻剩餘財產分配之數額為1,319,316元，則兩
    造夫妻剩餘財產之差額為1,319,316元（計算式：1,319,316
    -0=1,319,316）。是原告依法得向被告請求平均分配之剩餘
    財產差額為659,658元（計算式：1,319,316/2=659,658）。
    從而，原告依民法第1030條之1第1項規定，請求被告給付其
    659,658元，及自起訴狀繕本送達（即105年9月19日）翌日
    起至清償日止，按年利率百分之5計算之利息，為有理由，
    應予准許。至原告逾此部分之請求部分，則為無理由，應予
    駁回。"
"106年度家訴字第22號,臺灣臺中地方法院民事判決　",1/2,0,0,0,0,0,0,10,0,0,0,10,0,"原告應列入夫妻剩餘財產分配之婚後財產淨額為
    125,931.13元、澳幣0.04元、加幣1.31元、英鎊0.75元、美
    金301.02元、歐元0.58元，被告應列入夫妻剩餘財產分配之
    婚後財產淨額為0元，經計算後，原告並無可請求被告給付
    之夫妻婚後剩餘財產差額存在。是原告依民法第1030條之1
    第1項規定，請求被告給付夫妻剩餘財產差額300萬元，及其
    法定遲延利息，為無理由，應予駁回。"
106年度重家訴字第42號臺灣臺中地方法院民事判決　,1/2,1,7,0,0,0,0,0,0,0,0,10,0,"原告婚後剩餘財產為1,000,000元，被告婚後剩餘財
    產為14,814,570元，故兩造剩餘財產之差額為13,814,570元
    （計算式：14,814,570-1,000,000=13,814,570），依首揭
    規定，應平均分配予原告取得，則原告可分配之剩餘財產差
    額應為6,907,285元（計算式：13,814,570*1/2=6,907,285
    ）。準此，原告依民法第1030條之1第1項夫妻剩餘財產分配
    請求權之規定，請求被告給付6,907,285元，及自民事起訴
    狀繕本送達翌日即106年6月4日起至清償日止，按年息5%計
    算之法定遲延利息，為有理由，應予准許；逾此部分之請求
    ，則無理由，應予駁回。"
"105年度家訴字第165號,臺灣臺中地方法院民事判決　　　　　　,",1/2,0,0,0,0,0,5,10,0,0,0,10,0,"兩造婚後財產差額為8,960,400元（計算式：8,960,400
      －0＝8,960,400元），則原告得向被告請求之剩餘財產為
      4,480,200元【計算式：（8,960,400－0）÷2＝4,480,20
      0）。綜上所述，原告得請求分配之剩餘財產差額為4,480,200元
    。從而，原告依民法第1030條之1第1項夫妻剩餘財產分配請
    求權之規定，請求被告給付4,480,200元，自105年10月25日
    起至清償日止，按年息百分之5計算之利息，為有理由，應
    予准許，逾此部分則無理由，應予駁回。"
"105年度家訴字第162號,臺灣臺中地方法院民事判決　　　　　　",1/2,0,0,10,0,0,8,0,0,0,10,0,0,"原告應列入夫妻剩餘財產分配之婚後剩餘財產為
    97萬5,645元，而被告應列入夫妻剩餘財產分配之婚後剩餘
    財產為1260萬6,589元，兩造剩餘財產差額1523萬0,944元應
    平均分配，始符公允。是原告依民法第1030條之1第1項規定
    ，得請求被告給付剩餘財產差額之2分之1即761萬5,472元（
    計算式：（16,706,589元－975,645元）×1/2＝7,615,472
    元】。被告雖以如上開不爭執事項(七)所示原告對被告之婚後
    債務，對原告主張抵銷，惟綜觀兩造於本件陳述，無從認定
    上開債務已屆清償期，被告既未能證明上開債務已屆清償期
    ，自無從主張抵銷。從而，原告基於夫妻剩餘財產分配之法
    律關係，請求被告給付761萬5,472元，及其中546萬4,989元
    自105年8月20日起，其中215萬0,483元自108年4月19日起，
    均至清償日止，按週年利率百分之5計算之利息，為有理由
    ，應予准許。逾此部分之請求部分，則為無理由，應予駁回
    。"
"105年度家訴字第142號,臺灣臺中地方法院民事判決　　　　　　",1/2,0,9,0,0,0,6,10,0,0,0,0,0,"綜上，原告婚後剩餘財產為0元，被告婚後剩餘財產為418萬
    8065元，故兩造剩餘財產之差額為209萬4033元（計算式：
    4,188,065－0＝4,188,065），依首揭規定，應平均分配予
    原告取得，則原告可分配之剩餘財產差額應為209萬4033元
    （計算式：4,188,065×1/2＝2,094,033，小數點以下四捨
    五入）。從而，原告依民法第1030條之1第1項夫妻剩餘財產
    分配請求權之規定，請求被告給付209萬4033元，及自起訴
    狀繕本送達被告翌日（即105年6月25日）起至清償日止，按
    週年利率5％計算之利息，為有理由，應予准許；逾此部分
    之請求，為無理由，應予駁回。"
" 105年度家訴字第92號,臺灣臺中地方法院民事判決　　　　　　",1/2,0,0,1,0,0,8,0,0,0,0,10,0,"綜上，原告之婚後財產為748,858元，被告之婚後財產為
    4,452,526元【計算式：113,592（現金存款）＋211,581（
    保單價值準備金）＋89,965（股票）＋3,193,593（建物）
    ＋843,795（增建）＝4,452,526】，扣除婚後債務1,956,
    312元，為2,496,214元，兩造剩餘財產之差額為1,747,356
    元(2,496,214-748,858=1,747,356)。本院認兩造剩餘財產
    差額應平均分配，始符公允。是原告依民法第1030條之1第1
    項規定，請求被告給付剩餘財產差額之1/2即873,678元（計
    算式：1,747,356÷2＝873,678元；元以下四捨五入），為
    有理由，及自反起訴狀繕本送達翌日即104年4月3日至清償
    日止，按週年利率百分之5計算之利息，為有理由，應予准
    許，逾此部分原告之請求，即無理由，應予駁回。"
105年度家訴字第15號臺灣臺中地方法院民事判決 ,1/2,0,0,10,0,0,0,0,0,0,0,0,0,"原告之剩餘財產價值為306,597 元，呂五華之剩餘財
    產在追加價值為5,929,570 元，則依前揭規定，婚後財產數
    額較少之一方得向他方請求差額之半數，是原告得請求分配
    之剩餘財產為2,811,487 元（計算式：5,622,973 ÷2 ＝2,
    811,487 ）。"
　 105年度重家訴字第45號，臺灣臺中地方法院民事判決　　　　,1/2,0,0,0,0,0,7,0,0,0,0,0,0,"是以於103 年8 月30日原告之現存婚後財產價值為1,037,51
    7 元，被繼承人吳春祥之現存婚後財產價值為18,904,018元
    ，兩造均未陳明有何負債，是依此計算，被繼承人吳春祥之
    剩餘財產為18,904,018元，原告之剩餘財產為1,037,517 元
    ，原告所得請求剩餘財產分配之數額為8,933,250.5 元（計
    算式：【00000000－0000000 】÷2=0000000.5 ）。
末按繼承人對於被繼承人之債務，以因繼承所得遺產為限，
    負連帶責任，民法第1153條第1 項定有明文。是以原告行使
    剩餘財產分配請求權，請求被告4 人連帶給付原告8,933,25
    0 元，及其中被告吳美玲、吳惠貞部分自起訴狀繕本送達被
    告（按該書狀係於105 年9 月2 日寄存送達於被告吳美玲、
    吳惠貞，於105 年9 月12日生送達之效力）之翌日起至清償
    日止，按年息百分之5 計算之法定遲延利息，為有理由，應
    予准許。"
105年度重家訴字第1號，臺灣臺中地方法院民事判決　　　　　　,1/2,0,0,0,0,0,7,0,0,0,0,0,0,"原告於基準日應受分配之剩餘財產價值為77,589元，
    被告於基準日應受分配之剩餘財產價值為23,973,040元（土
    地及建物價值共28,008,911元- 債務4,035,871 元），可見
    被告於基準日應受分配之剩餘財產大於原告於基準日應受分
    配之剩餘財產，是原告依民法第1030條之1 第1 項規定向被
    告請求，自屬有據。又經計算兩造之剩餘財產差額為23,895
    ,451元（計算式：23,973,040元－77,589元＝23,895,451元
    ），依民法第1030條之1 第1 項規定，原告得向被告請求給
    付剩餘財產差額2 分之1 之數額為11,947,725.5元（計算式
    ：23,895,451元÷2 ＝11,947,725.5元），從而原告請求被
    告給付1,1947,725元，洵屬有據"
"104年度家訴字第192號民事判決,臺灣臺中地方法院 ",1/2,0,0,0,0,0,5,0,0,0,0,0,0,"綜上，原告之剩餘財產如附表二所示，總價額為23,046元；
    被繼承人李潔璋之剩餘財產如附表一編號1 、2 、5 至8 所
    示，總價額為1,538,050 元（計算式：0000000+771300＋24
    6000＋8249＋00000 －000000元＝0000000 元），則被繼承
    人李潔璋之剩餘財產多於原告，原告所得請求剩餘財產分配
    之數額為757,502 元（計算式：【0000000 －00000 】÷2=
    757502）。"
"101年度家訴字第267號,臺灣臺北地方法院民事判決",1/2,0,5,0,0,0,7,0,0,0,0,0,0,"結果:兩造剩餘財產之差額為11,835,900元（計算式：00000000-0
    ,820=11,835,900)，經平均分配後，原告得請求之分配額為
    5,917,950元（計算式：11,835,900元÷2=5,917,950元）。
"
"101年度家訴字第352號,臺灣臺北地方法院家事判決　　　　　　",1/4,0,5,0,0,0,0,0,7,0,0,0,0,"結果:認原告與被告，以一：三之比例分配剩餘財產
  ，應屬公平。從而，原告依民法第1030條之1第1項規定，請求
  被告給付兩造剩餘財產差額之五分之一，即19,160,000元，為
  有理由，應予准許。
"
" 102年度家訴字第62號,臺灣臺北地方法院民事判決　　　　　　",0,0,0,0,0,0,9,0,0,0,0,0,0,"結果:原告應列入剩餘財產分配之價值應為954,764元（
      255,190+5,936+277,000+71,400＋74,405＋385,026－114
      ,193＝954,764），被告應列入剩餘財產分配之價值應為
      471,827元（44,128+110,418＋27,259＋303,675－13,653
      ＝471,827），則原告剩餘財產價額多於被告，從而，原
      告依民法第1030條之1第1項規定，請求被告給付原告277
      萬1,605元及自本起訴狀繕本送達翌日起至清償日止，按
      年息百分之五計算之利息，為無理由，應予駁回。
"
"102年度家訴字第139號,臺灣臺北地方法院民事判決",0,0,0,0,0,0,9,0,0,0,0,0,0,"結果:原告婚後現存在紐西蘭購
    置之不動產於扣除其上所負債務後之剩餘財產價值為即高達
    21,264,367元，原告復無其他債務，更遑論其另有存款及股
    票資產；是比較兩造剩餘財產差額，原告顯非剩餘財產較少
    之一方，揆諸前揭判決意旨，原告即無權向剩餘財產較少之
    被告請求分配差額之二分之一，從而依民法第10 30條之1前
    段規定，請求被告給付剩餘財產4,429,168 元及遲延利息，
    即無理由，應與駁回。
"
"102年度家訴字第192號,臺灣臺北地方法院民事判決　　　　　　",1/2,9,5,0,0,0,3,0,0,0,0,0,0,"結果:本院審酌兩造婚後均外出工作，被告於原告
  出差遠離住處之時，獨負照顧子女之責，兩造對婚姻關係存續
  中，財產累積之貢獻實屬相當，認平均分配雙方剩餘財產差額
  應屬公平，原告得對被告請求此差額之一半，即90,397元，是
  原告依民法第1030條之1第1項規定，請求被告給付剩餘財產差
  額，於90,397元之範圍內為有理由，應予准許，逾此範圍則無
  理由，應予駁回。
"
"104年度家訴字第182號,臺灣臺中地方法院民事判決　　　　　　",1/2,0,9,0,0,0,0,0,0,0,0,0,0,"綜上，原告婚後剩餘財產為0元，被告婚後剩餘財產為356萬
    5682元，故兩造剩餘財產之差額為356萬5682元（計算式：
    0000000－0＝0000000），依首揭規定，應平均分配予原告
    取得，則原告可分配之剩餘財產差額應為178萬2841元（計
    算式：0000000×1/2＝0000000）。依首揭規定，本應平均
    分配予原告取得，原告主張由其取得100萬元，未逾法定之
    平均分配額，要屬有據。從而，原告依民法第1030條之1第1
    項夫妻剩餘財產分配請求權之規定，請求被告給付100萬元
    ，及自答辯暨反請求聲請狀繕本送達被告翌日（即104年12
    月3日）起至清償日止，按週年利率5％計算之利息，為有理
    由，應予准許。"
"104年度家訴字第181號,臺灣臺中地方法院民事判決　　　　　　",0,0,0,0,0,0,8,0,0,0,0,0,0,"綜上所述，兩造於婚姻關係存續中取得而現存之婚後財產，
    扣除婚姻關係存續中所負債務後，原告剩餘財產數額大於被
    告，被告自無餘額可分配予原告。從而，原告基於夫妻剩餘
    財產分配之法律關係，請求被告給付50萬元暨起訴狀繕本送
    達之翌日起年息百分之5計算之利息，為無理由，應予駁回
    ，其假執行之聲請亦失所附麗，併予駁回。"
"104年度家訴字第174號,臺灣臺中地方法院民事判決　　　　　　",1/2,1,7,0,0,0,8,0,0,0,0,10,0,"是兩造剩餘財產之差額為2,693,593 元，經平均分配，故原
    告得向被告請求剩餘財產之分配額應為1,346,797 元（計算
    式：0000000÷2＝0000000元，以下四捨五入）。準此，原
    告依民法第1030條之1第1項規定，請求被告給付1,346,797
    元之夫妻剩餘財產差額分配，及自起訴狀繕本送達翌日即
    104年8月26日起至清償日止，按年息5%計算之利息部分，為
    有理由，應予准許，逾此部分之請求，則為無理由，應予駁
    回。"
"104年度家訴字第148號,臺灣臺中地方法院民事判決　　",1/2,1,8,0,0,0,9,10,0,0,0,10,0,"綜上所述，原告應列入夫妻剩餘財產分配之婚後財產淨額為
    0元，被告應列入夫妻剩餘財產分配之婚後財產淨額為127,5
    95元，原告與被告夫妻剩餘財產之差額為被告多於原告127,
    595元，經平均分配，故原告得向被告請求剩餘財產之分配
    額應為63,798元【127,595÷2＝63,798元；元以下四捨五入
    】。準此，原告依民法第1030條之1第1項規定，請求被告給
    付63,798元之夫妻剩餘財產差額分配，及自起訴狀繕本送達
    翌日即104年10月6日起至清償日止，按年息5%計算之利息部
    分，為有理由，應予准許，逾此部分之請求，則為無理由，
    應予駁回。"
"104年度家訴字第131號,臺灣臺中地方法院民事判決　",1/2,0,0,0,0,0,0,0,0,0,0,0,0,"查原告於基準時應受分配之剩餘財產為44,304元，被告於基
    準時應受分配之剩餘財產為8,507,650 元，業經認定如上，
    經計算兩造之剩餘財產差額為8,463,346 元（計算式：8,50
    7,650 元－44,304元＝8,463,346 元），依民法第1030條之
    1 第1 項規定，原告得向被告請求給付剩餘財產差額1/ 2之
    數額為4,231,673 元（計算式：8,463,346 元÷2 ＝4,231,
    673 元），洵堪認定。綜上所述，原告依民法第1030條之1 第1 項夫妻剩餘財產分
    配請求權之規定，請求被告給付3,921,710 元，及自104 年
    10月30日起至清償日止按週年利率5 ％計算之利息，為有理
    由，應予准許。"
臺灣臺南地方法院民事判決106年度家訴字第96號,1/2,0,0,0,0,0,8,10,0,0,0,0,0,"原告並無婚
      後財產及婚後債務乙節，為兩造所不爭執，則本件可分配
      之夫妻剩餘財產差額，應為被告現存之婚後財產價值560,
      331 元，故原告依民法第1030條之1 規定，得向被告請求
      分配之剩餘財產應為其一半即280,166 元。是原告主張及
      被告抗辯被告應給付原告夫妻剩餘財產之差額為280,166
      元乙節，均屬有據"
臺灣臺南地方法院民事判決106年度家訴字第39號,1/5,8,2,0,0,0,0,0,0,0,0,0,0,"參之原告到庭陳稱其婚後月薪大概3、4萬元，約拿薪水中3萬元支付家中開銷，以及兩造婚姻存續期間約4年餘，本件兩造剩餘財產之差額為4,7 81,489元，故本院認應調整原告之分配額為5分之1。從而，原告請求被告給付956,298元（計算式：4,781,489÷5＝956,298，元以下四捨五入），及自本件起訴狀繕本送達翌日起即106年3月19日起至清償日止，按年息百分之5計算之利息，核屬正當，應予准許。"
 104年度家訴字第79號臺灣臺中地方法院民事判決　　　　　　,1/2,0,0,0,0,0,9,0,0,0,0,10,0,"綜上所述，原告與被告吳超於婚姻關係存續中取得而現存之
    婚後財產，扣除婚姻關係存續中所負債務後，剩餘財產差額
    為13,364,511元（計算式：13,564,511－200,000＝0000000
    0元）。原告與被告吳超既未以契約訂立夫妻財產制，自應
    以法定財產制為其夫妻財產制；又原告與被告吳超經調解離
    婚成立，法定財產制關係消滅，惟並未約定如何分配夫妻財
    產，而原告對被告吳超於婚姻關係存續中取得之上開婚後財
    產既有所協力及貢獻，本院認兩造剩餘財產差額應平均分配
    ，始符公允。是原告依民法第1030條之1第1項規定，請求被
    告吳超給付剩餘財產差額之1/2即6,682,255元（計算式：13
    ,364,511元÷2＝6,682,255元；元以下捨去），為有理由。"
"104年度家訴字第53號,臺灣臺中地方法院民事判決　　　　　　 ",1/2,0,0,0,0,0,1,0,0,0,0,0,0,"綜上，原告婚後剩餘財產為 192,929元，被告婚後剩餘財產
    為1,201,106元，故兩造剩餘財產之差額為1,008,177元（計
    算式：1,201,106－192,929＝1,008,177 ），依首揭規定，
    應平均分配予原告取得，則原告可分配之剩餘財產差額應為
    504,089元（計算式：1,008,177×1/2＝504,089，元以下四
    捨五入）。從而，原告基於夫妻剩餘財產分配之法律關係，
    請求被告給付 504,089元，及自起訴狀繕本送達被告翌日（
    即103年10月15日）起至清償日止，按年息百分之5計算之利
    息，為有理由，應予准許；逾此部分之請求，則無理由，應
    予駁回。"
臺灣臺南地方法院民事判決106年度家訴字第3號,1/2,2,8,0,0,5,0,0,0,0,0,0,0,"原告主張平均分配兩造剩餘財產之差額應屬合理。
   4、綜上，被告之財產為883萬7,405元（4萬3,762元＋826萬4,400元＋3萬2,704元＋5萬4,827元＋44萬1,712元＝883萬7,405元），而債務為71萬2,900元，經扣除債務後，尚有812萬4,505元（883萬7,405元－71萬2,900元＝812萬4,505元），兩造財產差額平均分配之結果，被告應給付原告440萬1,811元｛（883萬7,405元－3萬3,783元）÷2＝440萬1,811元｝。"
臺灣臺南地方法院民事判決 105年度家訴字第110號,0,0,0,0,0,0,10,10,0,0,0,0,0,"被告即反請求原告婚後之負債已大於資產，並無剩餘財產得為分配（計算式：1,508+931+26,028 +336,120+49,915+37,035+136,37,035+136,720+17,158+101,780 +155,930+76,15,930+76,150+124+116+46,083+190,000-613,970 -1,500,000=-938,372）。
  （四）從而，兩造婚後均無剩餘財產得分配，兩造自均無從向對方請求分配剩餘財產，是兩造依民法第1030條之1之規定，原告訴請被告給付2,000,000元，及自起訴狀繕本送達翌日起至清償日止，按年息百分之5計算之利息，及反請求原告訴請反請求被告給付5,210,756元，及自反請求起訴狀送達之翌日起至清償日止，按年息百分之5計算之利息，均無理由，應予駁回，"
"104年度重家訴字第32號,臺灣臺中地方法院民事判決　　　　　 ",1/2,0,9,0,0,0,0,0,0,0,0,0,0,")綜上，原告婚後財產為2,776,675元（86,929＋2,689,746
      ＝2,776,675），婚後債務為0元，剩餘財產則為2,776,
      675；被告婚後財產為10,622,233元（10,400,000＋90,01
      8＋132,215＝10,622,233，婚後債務為0元，剩餘財產則
      為10,622,233元。原告與被告於婚姻關係存續中取得而現
      存之婚後財產，扣除婚姻關係存續中所負債務後，剩餘財
      產差額為7,845,558元（計算式：10,622,233－2,776,675
      ＝7,845,558元）。原告與被告既未以契約訂立夫妻財產
      制，自應以法定財產制為其夫妻財產制；又原告與被告經
      調解離婚成立，法定財產制關係消滅，惟並未約定如何分
      配夫妻財產，而原告對被告於婚姻關係存續中取得之上開
      婚後財產既有所協力及貢獻，本院認兩造剩餘財產差額應
      平均分配，始符公允。是原告依民法第1030條之1第1項規
      定，請求被告給付剩餘財產差額之1/2即3,922,779元（計
      算式：7,845,558元÷2＝3,922,779元；元以下捨去），"
臺灣臺南地方法院民事判決105年度家訴字第102號,0,0,0,0,0,0,0,0,0,0,0,0,10,民法第1030條之1所規定之夫妻剩餘財產分配請求權，依其立法意旨無非係在於法定財產關係消滅後，將夫妻於婚姻關係存續中（即結婚之後）現存之婚後財產，予以確定，再扣除其婚姻關係存續中所負債務及因繼承或其他無償取得之財產、慰撫金，而計算夫妻各自剩餘財產之價值，並比較雙方剩餘財產之多寡，算定其差額，據此剩餘較少之一方即得向剩餘較多之他方，請求分配該差額之二分之一，而非謂夫妻之一方，得逕就他方名下之財產，請求移轉該財產所有權之二分之一，否則，此剩餘財產非經主張計算夫妻各自剩餘財產之價值，比較雙方剩餘之多寡，算定其差額而請求該差額之二分之一，反逕就該名下不動產所有權二分之一移轉登記，無異於該夫妻法定財產關係消滅後，反形成該夫妻財產之分別共有，斷非該剩餘財產分配請求權之立法意旨及欲達成之規範目的自明。
"臺灣臺北地方法院民事判決,103年度重家訴字第10號",1/2,0,5,0,0,0,6,0,0,0,0,0,0,"原告請求分配夫妻剩餘財產差額半數，於1231萬4457元及自兩
    造離婚翌日即101年3月10日起至清償日止之法定遲延利息之
    範圍內為有理由，應予准許
"
"臺灣臺北地方法院民事判決,103年度重家訴字第11號",0,0,0,0,0,0,0,0,0,0,10,0,0,"原告主張兩造因判決離婚，依民法第1005條、第
    1030條之1 、第1030條之3 等規定，請求分配剩餘財產之差
    額條之3 等規定，訴請判決被告應給付原告七百六十三萬一
    千九百二十五元，因兩造於離婚協議書上業已放棄剩餘財產
    分配請求權，事後係因原告不願履行始由被告訴請判決離婚
    確定，兩造仍應受該約款拘束，且原告贈與予被告之系爭不
    動產亦屬被告無償取得之財產，是原告之訴為無理由，應予
    駁回。"
"臺灣臺北地方法院民事判決,103年度家訴字第12號",1/2,0,7,0,0,0,0,0,0,0,0,0,0,"兩造剩餘財產之差額為1,306萬7,429元，原告得依
      法請求平均分配夫妻現存婚後財產差額為653萬3,715元（
      計算式：13,067,429÷2= 6,533,715元以下四捨五入）。
      從而，原告依民法第1030條之1規定，請求被告給付剩餘
      財產分配差額647萬4,704元，及自起訴狀繕本送達翌日（
      即103年2月13日）起，自清償日止，按週年利率百分之5
      計算之利息部分，並未逾上開金額，為有理由，應予准許
      。"
"臺灣臺北地方法院民事判決,105年度重家訴字第3號",1/2,0,0,5,0,0,3,0,0,0,0,0,0,"原告得請求剩餘財產差額分配之金額應為8,51
      2,581 元【計算式：（18,825,900元－1,800,738 元）÷
      2 】。又本件給付並無確定期限，是被告應自受催告時起
      負遲延責任，茲原告請求金額6,000,000 元部分自起訴狀
      繕本送達日、2,512,581 元部分自106 年11月10日家事準
      備五狀擴張聲明時起已受催告，而起訴狀繕本、家事準備
      五狀繕本分別於104 年10月20日、106 年11月28日送達被
      告等情，為兩造所不爭執（見本院卷二第2 頁反面），是
      被告應給付原告8,512,581 元，及其中6,000,000 元自10
      4 年10月21日起，其中2,512,581 元自106 年11月29日起
      ，均至清償日止，按週年利率百分之5 計算之利息。"
"臺灣臺北地方法院民事判決,105年度家訴字第115號",1/4,10,0,0,0,0,0,0,0,0,0,0,0,"量兩造各自對家庭生活、教養子女之分
      擔貢獻情形，認兩造夫妻剩餘財產差額如再以平均分配之
      方式計算顯失公平，夫妻剩餘財產差額應調整為原告、被
      告1 比3 比例分配，故原告得請求剩餘財產差額分配之金
      額應為8,903,324 元【計算式：（38,616,042元－3,002,
      745 元）×1/4 ，四捨五入至整位數）。"
"臺灣臺北地方法院民事判決,105年度家訴字第171號",1/2,0,0,0,0,0,0,0,0,0,3,0,0,"被告婚後財產扣除婚姻關係存續所負債務後剩餘
    為2,445,846 元，原告婚後財產為2,309,504 元，其差額之
    平均為68,171元，原告不受分居離婚協議書內容之拘束。從
    而，原告依民法第1030條之1 請求夫妻剩餘財產差額分配，
    未逾68,171元範圍部分，為有理由，應予准許。"
"臺灣臺北地方法院民事判決,106年度重家訴字第27號",1/2,0,7,0,0,0,6,0,0,0,0,0,0,"原告剩餘財產為0 元，被告剩餘財產為23,240,8
    31元，雙方剩餘財產差額為23,240,831元，原告得請求之平
    均分配額為11,620,416元（計算式：23,240,831元÷2 ＝11
    ,620,416元，元以下四捨五入），其請求被告給付上開金額
    ，為有理由，逾此數額部分，則屬無據。
"
"104年度重家訴字第22號,臺灣臺中地方法院民事判決　　　　　 ",1/4,10,0,0,8,0,6,0,0,0,0,10,0,"兩造剩餘財產差額為97,201,231元，原告得請求分配之數額
    為差額之1/4即24,300,308元（計算式：97,201,231×1/4＝
    24,300,308元，元以下四捨五入）。準此，原告依民法第10
    30條之1第1項夫妻剩餘財產分配請求權之規定，請求被告給
    付24,300,308元，及自民事言詞辯論意旨整理狀繕本送達翌
    日即106年6月1日起至清償日止，按年息5%計算之法定遲延
    利息，為有理由，應予准許；逾此部分之請求，則無理由，
    應予駁回。"
"臺灣臺北地方法院民事判決,106年度重家訴字第36號",1/2,0,0,10,0,0,0,0,0,0,0,0,0,"原告婚後剩餘財產為24萬3,000 元，被告婚後剩餘
      財產為1,001 萬7,582 元，兩造剩餘財產差額為9,774,58
      2 元（即1,001 萬7,582 元-24 萬3,000 元＝9,774,582
      元），經平均分配後，被告應給付原告之剩餘財產差額為
      4,887,291 元【計算式：9,774,582 元÷2=4,887,291 元
      】，故原告得請求被告給付488 萬7,291 元之夫妻剩餘財
      產分配差額，惟原告僅請求被告給付夫妻剩餘財產分配差
      額370 萬元，應屬有據。"
"臺灣臺北地方法院民事判決,106年度家訴字第28號",1/2,0,3,0,0,0,7,0,0,0,0,0,0,"原告蔡木山婚後可分配之剩餘財產為0 元，被告李
      萍玲婚後可分配之剩餘財產為216 萬元，依前所述，兩造
      剩餘財產差額為216 萬元，應由兩造平均分配，故原告得
      請求分配之金額為108 萬元，從而，原告請求被告給付10
      8萬元，及自起訴狀繕本送達翌日即105年3月10 日起至清
      償日止，按年息5%計算之利息，為有理由"
"103年度家訴字第190號,臺灣臺中地方法院民事判決 ",4/10,1,7,0,0,0,7,0,0,0,0,0,0,"綜上，原告婚後剩餘財產為 2,013,499元，被告婚後剩餘財 產為13,648,749元，故兩造剩餘財產之差額為11,635,250元 （13,648,749－2,013,499=11,635,250），依首揭規定，本 應平均分配予原告取得，原告主張由其取得十分之四，未逾 法定之平均分配額，要屬有據，則原告可分配之剩餘財產差 額為4,654,100元（計算式：11,635,250×4/10＝4,654,100 ）。從而，原告基於夫妻剩餘財產分配之法律關係，請求被 告給付 4,654,100元，及自104年12月4日即民事擴張訴之聲 明狀繕本送達被告翌日（見本院卷二第6至7頁）起至清償日 止，按年息百分之 5計算之利息，為有理由，應予准許；逾 此部分之請求，則無理由，應予駁回。"
"臺灣臺北地方法院民事判決,106年度家訴字第36號",1/2,0,0,0,0,0,10,0,0,0,0,0,0,"被告應列入夫妻剩餘財產差額分配之財產如附表
    一本院認定欄所示，其積極財產扣除消極財產已無剩餘，原
    告自無從請求夫妻剩餘財產差額分配。從而，原告依民法第
    1030條之1 請求夫妻剩餘財產差額分配等語，為無理由，應
    予駁回。"
"臺灣臺北地方法院民事判決,106年度家訴字第151號",1/2,0,10,0,0,0,0,0,0,0,0,0,0,"兩造剩餘財產差額為850,609 元，應由兩造平均
    分配，故原告得請求分配之金額為425,305 元（計算式：85
    0,609 元÷2 ＝425,305 元，元以下四捨五入）。"
"　　103年度家訴字第179號,臺灣臺中地方法院民事判決　　　　",1/2,0,9,0,0,0,7,10,0,0,0,10,0,"依上開剩餘財產認定計算結果，兩造差額為3,740,160元（
    被告婚後財產：3,740,160-原告婚後財產：0）。按雙方剩餘財產之差額，應平均分配，平均分配顯失公平者
    ，法院得調解或免除其分配額，民法第1030條之1第2項定有
    明文。其立法理由為法定財產關係消滅時，以夫妻雙方剩餘
    財產之差額，平均分配方為公平，亦所以貫徹男女平等之原
    則，惟夫妻之一方有不務正業，或浪費成習等情事，於財產
    之增加並無貢獻，自不能使之坐享其成，獲得非分之利益。
    此際如平均分配，顯失公平，應由法院酌減其分配額或不予
    分配。被告固以前詞主張平均分配顯失公平云云，為原告所
    否認，且未據被告舉證以實其說，此外，被告亦不否認雙方
    經營冷凍食品生意，冷凍租金確實係原告負擔，可知原告在
    婚後並非全然未有付出，尚難認有平均分配顯失公平之事由
    ，衡酌原告對被告於婚姻關係存續中取得之上開婚後財產既
    有所協力及貢獻，被告主張應予調整減免並無理由，本院認
    兩造剩餘財產差額應平均分配，始符公允。是原告依民法第
    1030條之1規定，請求被告給付1,870,080元，及自103年7月
    7日起至清償日止，按年息百分之5計算之利息，為有理由，
    應予准許。"
"103年度家訴字第171號,臺灣臺中地方法院民事判決　　　　　　",1/2,0,0,1,0,0,0,0,0,0,0,0,0,"綜上，原告婚後剩餘財產為 2,378,307元，被告婚後剩餘財
    產為 2,106,429元，原告婚後剩餘財產大於被告，被告自無
    餘額可分配予原告。從而，原告基於夫妻剩餘財產分配之法
    律關係，請求被告給付 150萬元暨起訴狀繕本送達之翌日起
    年息百分之 5計算之利息，為無理由，應予駁回，其假執行
    之聲請亦失所附麗，併予駁回。"
臺灣臺南地方法院民事判決105年度家訴字第14號,1/2,0,0,0,0,0,5,0,0,0,0,0,0,"本件兩造剩餘財產之差額為5,741,042元，原告得請求平均分配上開差額，是原告請求被告給付2,87 0,521元（5,741,042÷2＝2,870,521），及其中100萬元應自兩造婚姻關係消滅之翌日起即105年1月5日（兩造於105年1月4日於法院調解離婚成立）起至清償日止，按週年利率百分之五計算之利息；其餘1,870,521元應自擴張訴之聲明(一)暨補充理由(二)狀送達被告翌日即106年2月15日起至清償日止，按週年利率百分之五計算之利息，為有理由"
臺灣臺南地方法院民事判決105年度家訴字第12號,0,0,0,0,0,0,0,0,0,0,10,0,0,"按夫妻剩餘財產之分配請求權雖係離婚後始產生之權利，但其畢竟僅係財產上之請求權，縱在離婚前拋棄，並無違反法律之強制規定，亦不影響公序良俗，原告自得於上開切結書預為拋棄之意思表示，應無不可，自屬有效。
（五）被告主張原告於92年2月27日書寫上開切結書後仍有婚外情等情，雖為原告所否認，但觀諸本院104年度訴字第656號及臺灣高等法院臺南分院105年度上易字第44號判決所載，原告確因婚外情而被判決應賠償被告損害確定，有上開判決可稽。既然原告確有婚外情，即應依上開切結書所載無條件離婚，自亦不得向被告請求分配夫妻之剩餘財產。
五、綜上所述，原告依民法第1030條之1第1項之規定請求分配剩餘財產，應無理由，應不准許，應予駁回。"
臺灣臺南地方法院民事判決104年度家訴字第20號,3/4,8,2,0,10,10,9,9,0,0,0,0,0,"原告之剩餘財產為0元，被告之剩餘財產為382萬3,804元，兩造之剩餘財產差額為382萬3,804元，而原告之分配額為兩造剩餘財產差額之4分之3，故原告得向被告請求286萬7,853元（382萬3,804元×3/4＝286萬7,853元，四捨五入）。從而，原告請求被告分配剩餘財產之差額中之286萬7,853元"
臺灣臺南地方法院民事判決 104年度家訴字第7號,0,0,0,3,0,0,10,10,0,0,0,0,0,"被告之婚後財產為3,342,581元｛3,424,728元(臺南市○○區○○○段000000地號土地，應有部分全部、新化區崙子頂段698-16地號，應有部分18分之1、崙子頂段719地號，應有部分20分之3、及坐落該土地之臺南市○○區○○段000○號，門牌臺南市○○區○○○000號之11建物，應有部分2分之1，合計為4,705,000元，扣除被告婚前繳納價金160萬元，依比例計算後被告房地部分應扣除1,280,272元)-260,864元(第一商銀歸仁分行存款基準日0元，扣除結婚時存款260,864元)+49,346元(土地銀行存款基準日49,938元，扣除結婚時之存款592元)-409,816元(國泰世華銀行存款基準日603元，扣除結婚時存款410,419元)+18,331元(第一商銀新化分行存款基準日18,399元扣除結婚時存款68元)+180,684元(南山人壽鴻利年年增額還本終身保險解約金)+15,172元(南山人壽安富雙享醫療保本終身保險解約金)+325,000元(ACP-0709自小客車之2分之1)，扣除被告婚後債務即土地銀行貸款3,893,084元，計被告之婚後財產為-550,503元，以此，被告婚後財產扣除債務已無剩餘，原告自不得再向被告請求分配剩餘財產，則原告依夫妻剩餘財產分配請求權，請求被告給付1,190,094元，及自起訴狀繕本送達被告之翌日起至清償日止，按年息百分之5計算之利息，為無理由，應予駁回。"
臺灣臺南地方法院民事判決 103年度家訴字第15號,0,0,0,0,0,0,10,10,0,0,0,0,0,"依上認定結果，本件原告即反請求被告之婚後財產為2,142,821元(810萬-5,957,179=2,142,821)，被告即反請求原告之婚後財產為(13,914,106+17,647+12,414+2+1+2,955, 950+109,728【台積電股票1,270股x101年10月15日股價86.4】-14,586,171-7,917,582= -5,493,905)，因被告即反請求原告之婚後債務高於婚後財產，應以零元計算，而原告即反請求被告之婚後財產高於被告即反請求原告，原告即反請求被告請求被告即反請求原告分配剩餘財產，即屬無據。而被告即反請求原告得請求原告即反請求被告之剩餘財產差額為1,071,411元。據此，本件原告即反請求被告請求分配剩餘財產，依法無據，應予駁回"
臺灣臺南地方法院民事判決103年度家訴字第69號,0,0,0,0,0,0,10,10,0,0,0,0,0,"兩造於婚姻關係存續中所負債務均大於財產，剩餘財產均為0元，故原告即反請求被告請求被告即反請求原告給付原告夫妻剩餘財產2,490,145元，自屬無據，應予駁回。另兩造間剩餘財產既均為0元，反請求原告請求反請求被告應給付其夫妻剩餘財產109,237元，亦無理由，應予駁回。"
臺灣臺南地方法院民事判決103年度家訴字第45號,1/2,0,0,0,0,0,0,10,0,0,0,0,0,"綜上所述，原告之剩餘財產為0元，應錦耀之剩餘財產為414萬8,292元，原告與應錦耀剩餘財產之差額平均分配後，原告所得請求之金額為207萬4,146元【計算式：（414萬8,292元－0元）÷2＝207萬4,146元】。"
臺灣臺南地方法院民事判決103年度家訴字第29號,1/2,0,0,0,0,0,0,10,0,0,0,0,0,"原告並無可列入分配之婚後財產，被告之積極財產為4,000,430元（計算式：1,165,800＋1,620,700＋41,73 6＋67,627＋1,057,800＋25,471＋1,296＋20,000=4,000,430），負債為496,062元，被告現存應列入分配之被告婚後剩餘財產較原告之婚後剩餘財產多出3,504,368元（計算式為：4,000,430-496,062＝3,504,368）。
（四）綜參上情，本件原告依民法第1030條之1之規定，起訴請求本院分配剩餘財產差額，即屬有據。而本件兩造剩餘財產之差額為3,504,368元，原告得請求平均分配上開差額，是原告請求被告給付1,752,184元（3,504,368÷2＝1,7 52,184），及自起訴狀繕本送達翌日即102年10月19日起至清償日止，按年息百分之5計算之利息，核屬正當，應予准許。"
臺灣臺南地方法院民事判決103年度家訴字第15號,0,0,0,0,0,0,10,10,0,0,0,0,0,"依上認定結果，本件原告即反請求被告之婚後財產為2,142,821元(810萬-5,957,179=2,142,821)，被告即反請求原告之婚後財產為(13,914,106+17,647+12,414+2+1+2,955, 950+109,728【台積電股票1,270股x101年10月15日股價86.4】-14,586,171-7,917,582= -5,493,905)，因被告即反請求原告之婚後債務高於婚後財產，應以零元計算，而原告即反請求被告之婚後財產高於被告即反請求原告，原告即反請求被告請求被告即反請求原告分配剩餘財產，即屬無據。而被告即反請求原告得請求原告即反請求被告之剩餘財產差額為1,071,411元。據此，本件原告即反請求被告請求分配剩餘財產，依法無據，應予駁回"
103年度家訴字第163號臺灣臺中地方法院民事判決　　　　　　,1/2,1,9,0,1,0,6,0,0,0,0,10,0,"綜上，於本件基準日兩造之現存婚後財產，原告之婚後財產
    合計為1,519 元（274+1245=1519 ，即上述二、(一)部分），
    被告婚後財產為1,043,538 元（38057+175967+294+600000+
    229220=0000000，即上述二、(二)部分），兩造均未陳明有何
    負債，是依此計算，原告之剩餘財產為1,519 元，被告之剩
    餘財產為1,043,538 元，兩造差額為1,042,019 元（000000
    0-0000=0000000）。準此，原告依民法第1030條之1 第1 項規定，請求被告給付
    原告521,010 元，及自民事變更訴之聲明暨聲請調查證據狀
    送達翌日即106 年5 月6 日起至清償日止，按年息百分之5
    計算之遲延利息部分，為有理由，應予准許，逾此部分之請
    求，則無理由，應予駁回。"
　103年度家訴字第156號臺灣臺中地方法院民事判決　　　　　,1/2,1,8,1,0,0,0,0,0,0,0,0,0," 據上，兩造現存之婚後財產各為附表一、二所示之內容，原
    告之剩餘財產合計為1,144,883元（計算式：17,306＋3,150
    ＋358＋648＋18,773＋1,435＋7,794＋79, +419＋16,000＋
    1,000,000＝1,144,883），被告合計為56,355,176元（計算
    式：559＋1,376＋6,484,063＋4,283＋13＋1,900,000＋
    400,000＋29,320,018＋18,244,864＝56,355,176），經扣
    除被告婚後債務28,312,404元後，被告之剩餘財產總金額為
    28,042,772元。依此計算，原告之剩餘財產總金額為1,144,
    883元，被告之剩餘財產總金額為28,042,772元，二者差額
    為26,897,889元。從而，原告依民法第1030條之1第1項規定
    ，請求被告給付上開剩餘財產差額之半數，即13,448,945元
    〔計算式：（28,042,772－1,144,883）÷2＝13,448,945，
    元以下四捨五入〕，為有理由，應予准許。故綜上所述，原
    告請求被告給付13,448,945元，及起訴狀繕本送達翌日即
    101年12月15日起至清償日止，按週年利率百分之5計算之利
    息，為有理由，應予准許；逾此範圍之請求，尚屬無據，應
    予駁回。"
臺灣臺南地方法院民事判決103年度家訴字第1號,1/2,0,0,0,0,0,10,10,0,2,0,0,0,"原告並無可列入分配之夫妻剩餘財產，而被告應列入夫妻剩餘財產分配之積極財產為3,504,077元（計算式：47,319＋3,456,758=3,504,077），負債則為2,979,471元，故被告應列入分配之被告婚後剩餘財產較原告之婚後剩餘財產多出524,606元（計算式為：3,504,077－2,979,471＝524,606），是本件原告依民法第1030條之1之規定，起訴請求本院分配剩餘財產差額，即屬有據。而本件兩造剩餘財產之差額為524,606元，原告得請求平均分配上開差額，故原告得請求被告給付262,303元（524,606÷2＝262,303）。"
　103年度家訴字第117號臺灣臺中地方法院民事判決　　　　　　,1/2,0,0,1,0,0,10,0,0,0,0,0,0,"綜上所述，原告之剩餘財產為1,427,631元（計算式：
    927,148＋483＋500,000＝1,427,631），被告之剩餘財產為
    7,823,641元（計算式：6,196,652＋200,000＋704,988＋
    144,690＋14,034＋2,220,000＋930,000－2,586,723＝
    7,823,641），兩造剩餘財產之差額為6,396,010元（計算式
    ：7,823,641－1,427,631＝6,396,010），經平均分配，原
    告對被告得請求給付之剩餘財產差額分配金額為3,198,005
    元（計算式：6,396,010÷2＝3,198,005），則原告基於剩
    餘財產分配之法律關係，請求被告給付3,198,005元，為有
    理由，應予准許。"
臺灣臺南地方法院民事判決102年度家訴字第70號,1/2,0,0,2,0,0,2,0,0,0,0,0,0,"綜上所述，原告之剩餘財產為32,905元，被告之剩餘財產為6,493,927元，兩造剩餘財產之差額為6,461,022元，平均分配後，原告所得請求之金額為3,230,511元。是原告本於夫妻剩餘財產分配請求權之法律關係，請求被告給付原告3,23 0,511元及自起訴狀繕本送達被告之翌日即102年7月27日起至清償日止，按週年利率百分之5計算之利息，為有理由，應予准許；逾此部分之請求，則無理由，應予駁回。"
"　103年度家訴字第114號,臺灣臺中地方法院民事判決　　　　　",1/2,0,0,0,0,0,7,0,0,0,0,10,0,"綜上所述，原告婚後剩餘財產為 202,896元，被告婚後剩餘
    財產為10,136,027元，故兩造剩餘財產之差額為 9,933,131
    元（計算式： 00000000-000000=0000000），平均分配即為
    4,966,566元（計算式：0000000÷2＝0000000，元以下四捨
    五入）。從而，原告基於夫妻剩餘財產分配之法律關係，請
    求被告給付 4,966,566元，及自104年7月23日即擴張聲明狀
    繕本送達被告翌日（見本院卷(三)第 123頁，原告請求送達當
    日起訴之遲延利息，顯無所據）起至清償日止，按年息百分
    之 5計算之利息，為有理由，應予准許；逾此部分之請求，
    則無理由，應予駁回。"
103年度家訴字第63號臺灣臺中地方法院民事判決　,1/2,0,0,0,0,0,0,0,0,0,0,10,0,"按法定財產制關係消滅時，夫或妻現存之婚後財產，扣除婚
    姻關係存續所負債務後，如有剩餘，其雙方剩餘財產之差額
    ，應平均分配。民法第1030條之1第1項前段定有明文。基上
    所述，原告之剩餘財產價值為10,780,483元，顯逾被告之54
    1,035元，原告自無從依民法第1030條之1規定，請求分配兩
    造剩餘財產之差額。從而，原告本於夫妻剩餘財產分配法律
    關係，請求被告給付540,486元，及自起訴狀繕本送達翌日
    起至清償日止，按週年利率百分之5計算之法定遲延利息，
    為無理由，應予駁回。原告之訴既經駁回，其假執行之聲請
    ，亦失所依附，應併予駁回。"
103年度重家訴字第25號臺灣臺中地方法院民事判決　　　　　 ,0,0,0,1,0,0,0,0,0,0,0,0,0,"綜上所述，原告主張被告有婚後財產，既與查得之證據不
      符，並不可採，對於被告有「為減少他造對於剩餘財產之
      分配，而處分婚後財產」之情事，又未盡其主張及舉證之
      責任，無從認定被告有應計入剩餘財產分配之婚後財產存
      在。從而，原告依民法第1030條之1 規定，請求被告應給
      付原告871 萬元，為無理由，應予駁回。"
103年度家訴字第47號臺灣臺中地方法院民事判決　　　　　　 ,1/2,0,0,1,0,0,8,10,0,0,0,10,0,"綜上所述，被告現存之婚後財產系爭工業區一路房地部分之
    2筆貸款（帳號：0000000000000：161,628元。帳號：
    0000000000000：3,818,450元，共計3,980,078元）部分得
    列為婚後負債而予扣除，被告現存之婚後財產系爭315-1土
    地部分不得依民法第1030條之3追加計算，則原告得請求給
    付之剩餘財產差額分配金額為5,188,831元（6,354,418元(
    13,810,000元-貸款3筆7,455,582元)【①】+ 2,236,230元
    【②～⑦】+ 625,000元【⑩】+1,162,014【⑫～㉓】）÷2
    =5,188,831元）則原告基於剩餘財產分配之法律關係，請求
    被告給付5,188,831元，為有理由，應予准許。"
102年度家訴字第217號臺灣臺中地方法院民事判決　　　　　　,1/2,1,0,1,1,0,9,0,0,0,0,10,0,"綜上所述，原告依民法第1030條之1 第1 項規定，請求被告
    給付66萬3,046 元，及自102 年10月1 日起至清償日止，按
    週年利率5 ％計算之利息，為有理由，應予准許；逾此部分
    之請求，為無理由，應予駁回。"
　102年度家訴字第190號臺灣臺中地方法院民事判決　　　　　,1/2,0,0,0,0,0,10,0,0,0,0,0,0,"綜上所述，原告婚後之積極財產為4,697,585元，扣除債
      務3,736,391元後，原告之剩餘財產為961,194元（計算式
      ：4,697,585-3,736,391=961,194）。被告婚後之積極財
      產為10,144,607元，扣除債務4,784,294元後，被告之剩
      餘財產為5,360,313元（計算式：10,144,607-4,784,294=
      5,360,313）。兩造剩餘財產之差額為4,399,119元（計算
      式：5,360,313-961,194=4,399,119），平均分配即為2,
      199,560元（計算式：4,399,119÷2=2,199,559.5，元以
      下四捨五入）。從而，原告基於剩餘財產分配之法律關係
      ，請求被告給付2,199,560元，及自103年4月18日即原告
      訴之變更追加狀送達被告翌日（參本院卷第二卷第127頁
      ）起至清償日止，按年息百分之5計算之利息，為有理由
      ，應予准許；逾此部分之請求，則為無理由，應予駁回。"
102年度家訴字第124號臺灣臺中地方法院民事判決　　　　　　,1/2,0,0,8,0,0,0,0,0,0,0,0,0,"綜上所述，系爭房屋為反請求被告母親所有，而不應列入反
    請求被告現有之婚後財產，而反請求被告於102年1月10日提
    領之國泰世華銀行大雅分行帳號261500051301號帳戶存款
    43,541元；臺中商業銀行大雅分行帳號1056534號帳戶存款
    55,279元；臺灣中小企業銀行大雅分行帳號01162813771號
    帳戶25,217元部分，應依民法第1030條之3追加計算，列入
    反請求被告婚後財產，則反請求原告得請求給付之剩餘財產
    差額分配金額為471,781元【反請求被告婚後財產：
    1,267,841元（計算式：2,789+23,083+1,010,089+ 11,897
    +95,946+ 43,541+55,279+25,217= 1,267,841元【②～⑨】
    ）－反請求原告婚後財產：324,279元（計算式：
    903 +3,4 65+182,483+21,208+116,220=324,279元）】÷2
    =471,781元，則反請求原告基於剩餘財產分配之法律關係，
    請求反請求被告給付471,781元，為有理由，應予准許。又
    反請求原告請求自起訴狀繕本送達翌日起至清償日止，按年
    息百分之5計算之利息部分，查本件起訴狀繕本送達日為102
    年6月17日，則反請求原告請求之遲延利息自102年6月18日
    起，應予准許"
102年度重家訴字第30號臺灣臺中地方法院民事判決　　　　　 ,1/2,0,0,10,0,0,0,0,0,0,0,0,0,"綜上所述，兩造於婚姻關係存續中取得而現存之婚後財產，
    扣除婚姻關係存續中所負債務後，剩餘財產差額為8,997,83
    7元(計算式：10,360,391－1,362,554＝8,997,837）。兩造
    既未以契約訂立夫妻財產制，自應以法定財產制為其夫妻財
    產制；又兩造調解離婚成立，法定財產制關係消滅，惟兩造
    並未約定如何分配夫妻財產，而原告對被告於婚姻關係存續
    中取得之上開婚後財產既有所協力及貢獻，本院認兩造剩餘
    財產差額應平均分配，始符公允。是原告依民法第1030條之
    1第1項規定，請求被告給付兩造剩餘財產差額之1/2即4,498
    ,919元（計算式：8,997,837÷2＝4,498,919；元以下四捨
    五入）。"
 102年度重家訴字第15號臺灣臺中地方法院民事判決　　　　　,0,0,0,9,0,0,7,0,0,0,0,0,0,"綜上所述，原告得對被告主張之剩餘財產差額為0 元，則其
    依民法第1030條之1 規定，請求被告應給付原告1,500 萬元
    ，及自起訴狀繕本送達翌日起至清償日止，按週年利率百分
    之五計算之利息，為無理由，應予駁回。原告之訴既經駁回
    ，其假執行之聲請亦失所附麗，應併駁回之。"
102年度重家訴字第11號臺灣臺中地方法院民事判決 ,1/2,0,0,0,0,0,9,10,0,0,0,10,0,"綜上所述，兩造於婚姻關係存續中取得而現存之婚後財產，
    扣除婚姻關係存續中所負債務後，剩餘財產差額為65,873,
    917元（計算式：65,873,917－0＝65,873,917）。兩造既未
    以契約訂立夫妻財產制，自應以法定財產制為其夫妻財產制
    ；又兩造和解離婚成立，法定財產制關係消滅，惟兩造並未
    約定如何分配夫妻財產，被告固主張平均分配顯失公平，惟
    僅以原告負債為由，尚難認有平均分配顯失公平之事由，衡
    酌原告對被告於婚姻關係存續中取得之上開婚後財產既有所
    協力及貢獻，被告主張應予調整減免並無理由，本院認兩造
    剩餘財產差額應平均分配，始符公允。是原告依民法第10
    30條之1規定，請求被告給付兩造剩餘財產差額之1/2即32,
    936,959元（計算式：65,873,917÷2＝32,936,959，元以下
    四捨五入），為有理由，逾此部分為無理由，應予駁回"
102年度重家訴字第10號臺灣臺中地方法院民事判決　　　　　 ,1/2,1,8,10,1,1,8,0,0,0,0,0,0,"據上，原告現存之婚後財產為附表四編號1至3所示存款計29
    ,654元；被告現存之婚後財產為附表一編號1、2之房地、附
    表一編號17至20之土地建案的350萬元投資及40萬元之獲利
    、附表二編號2之投資及附表四編號4至6之存款，合計為39,
    617,199元（計算式：28,923,231＋3,900,000＋6,768,000
    ＋25,968＝39,617,199），經扣除被告婚後債務25,093,772
    元後，被告之剩餘財產總金額為14,523,427元。依此計算，
    原告之剩餘財產總金額為29,654元，被告之剩餘財產總金額
    為14,523,427元，二者差額為14,493,773元。從而，原告依
    民法第1030條之1第1項規定，請求被告給付上開剩餘財產差
    額之半數，即7,246,887元〔計算式：（14,523,427－29,65
    4）÷2＝7,246,887，元以下四捨五入〕，為有理由，應予
    准許。"
101年度家訴字第568號臺灣臺中地方法院民事判決　　　　　　,1/2,0,0,0,0,0,0,0,0,0,0,10,0,"依上開剩餘財產認定計算結果，兩造差額為1,524,569元（
    1,770,922－246,353＝1,524,569），經平均分配，原告得
    請求被告給付兩造剩餘財產差額，應為762,285元（元以下
    四捨五入）。綜上，原告基於剩餘財產分配之法律關係，請求被告給付
    762,285元，及自101年9月22日起至清償日止，按年息百分
    之5計算之利息，為有理由，應予准許，逾此部分之請求，
    則為無理由，應予駁回。"
101年度家訴字第531號臺灣臺中地方法院家事判決　　　　　　,1/3,10,1,0,0,9,0,0,0,0,0,0,0,"綜上所述，依兩造剩餘財產之差額為1,940,387 元（被告婚 後財產：267894＋0000000－被告婚後負債：0000000），及 原告得請求被告給付兩造剩餘財產差額之分配額為3分之1計 算，原告得請求被告給付兩造剩餘財產差額，應為 646,796 元（元以下四捨五入）。是原告請求被告給付646,796 元， 及自起訴狀繕本送達翌日即101年10月6日起至清償日止，按 年息百分之5 計算之利息，為有理由，應予准許。逾此部分 之請求，則無理由，應予駁回。"
 101年度家訴字第517號臺灣臺中地方法院家事判決,1/2,0,0,0,0,0,0,0,0,0,0,10,0,"綜上所述，兩造於婚姻關係存續中取得而現存之婚後財產， 扣除婚姻關係存續中所負債務後，剩餘財產差額為3,317,24 6元(計算式：0000000－784487＝0000000）。兩造既未以契 約訂立夫妻財產制，自應以法定財產制為其夫妻財產制；又 兩造調解離婚成立，法定財產制關係消滅，惟兩造並未約定 如何分配夫妻財產，而原告對被告於婚姻關係存續中取得之 上開婚後財產既有所協力及貢獻，本院認兩造剩餘財產差額 應平均分配，始符公允。是原告依民法第1030條之1第1項規 定，請求被告給付兩造剩餘財產差額之1/2即1,658,623元（ 計算式：0000000÷2＝0000000）。"
101年度家訴字第471號臺灣臺中地方法院家事判決 ,0,0,0,0,0,0,0,0,0,0,0,10,0,"綜上所述，本件原告主張被告應列入夫妻剩餘財產差額計算
    之建功段房地，既係被告於婚姻關係存續中無償取得之財產
    ，則依民法第1030條之1 第1 項第1 款之規定，不應列入夫
    妻剩餘財產差額計算。故而，被告於兩造離婚時既無可列入
    剩餘財產分配之積極財產，自無剩餘財產可供分配。從而，
    原告本於夫妻剩餘財產分配請求權，請求被告給付原告 200
    萬元，及自民事準備書狀繕本送達之翌日即102年6月28日起
    至清償日止，按週年利率百分之5 計算之利息，為無理由，
    應予駁回。"
101年度家訴字第450號臺灣臺中地方法院民事判決　　　　　　,1/2,0,0,0,0,0,0,0,10,0,0,0,0,"另查兩造法定財產制關係消滅時，(一)原告現存之婚後財產為
    ：存款：台灣銀行水湳分行3743元、中華郵政股份有限公司
    臺中郵局：2304元、3元；動產：1992年份之汽車，現值1萬
    元；原告無債務，此有台灣銀行水湳分行101年9月18日水湳
    營字第10150007391號函及中華郵政股份有限公司臺中郵局
    101年9月19日中管字第1011801328號函附卷可參；(二)被告現
    存之婚後財產為坐落台中市○○區○○段440、441地號及其
    上同段344建號即門牌號碼台中市○○路○段國泰巷43號，價
    值為1,565,500元；所負債務則為積欠台新國際商業銀行之
    63,863元，此亦有土地及建物謄本、本院稅務電子閘門資料
    查詢表及台新國際商業銀行101年9月20日台新作文字第
    10118655號函附卷可稽，是被告之剩餘財產為1,501,637（
    1,565,500-63,863=1,501,637），兩造剩餘財產差額為
    1,485,587（1,501,637 -3,743-2,304-3-10,000=1,485,587
    ），經平均分配，原告對被告可請求之剩餘財產為742,794
    （1,485,587÷2=742,794，元以下四捨五入）。綜上所述，原告依剩餘財產分配請求被告給付742,794元，
    為有理由，應予准許。逾此部分之請求，則無理由，應予駁
    回。"
　101年度家訴字第404號臺灣臺中地方法院家事判決　　　　　,1/2,1,9,0,0,0,7,0,0,0,0,10,0,"綜上所述，兩造於婚姻關係存續中取得而現存之婚後財產，
    扣除婚姻關係存續中所負債務後，剩餘財產差額為302萬869
    7元（計算式：0000000－0＝0000000）。兩造既未以契約訂
    立夫妻財產制，自應以法定財產制為其夫妻財產制；又兩造
    調解離婚成立，法定財產制關係消滅，惟兩造並未約定如何
    分配夫妻財產，而原告對被告於婚姻關係存續中取得之上開
    婚後財產既有所協力及貢獻，本院認兩造剩餘財產差額應平
    均分配，始符公允。是原告依民法第1030條之1第1項規定，
    請求被告給付兩造剩餘財產差額之1/2即151萬4349元（計算
    式：0000000÷2＝0000000，小數點以下四捨五入）。"
　101年度家訴字第314號臺灣臺中地方法院家事判決　　　　　,1/2,0,0,1,0,0,0,0,0,0,0,0,0,"綜上所述，原告應列入夫妻剩餘財產分配之婚後財產淨額為
    四十萬九千八百八十七元。被告應列入夫妻剩餘財產分配之
    婚後財產淨額為二百十四萬二千三百四十七元，故原告得向
    被告請求剩餘財產之分配額應為八十六萬六千二百三十元【
    （59,631＋3,865,064－1,782,348－409,887）÷2＝866,23
    0 】。準此，原告依民法第一千零三十條之一第一項規定，
    請求被告給付八十六萬六千二百三十元之夫妻剩餘財產差額
    分配部分，為有理由，應予准許。其逾此部分之請求，則無
    理由，應予駁回。"
　101年度家訴字第115號臺灣臺中地方法院家事判決　　　　　,1/2,0,0,0,0,0,9,10,0,0,0,0,0,"準此，被告之剩餘財產
    應為383萬16元（計算式：0000000＋00000000＝0000000）
    。是以，駱明坤與被告剩餘財產之差額為 383萬16元，駱明
    坤對被告有191萬5008元（計算式：0000000÷2＝0000000）
    之剩餘財產分配請求權。"
　100年度家訴字第399號臺灣臺中地方法院家事判決　　　　　,0,0,0,0,0,0,0,10,0,0,0,10,0,綜上所述，本件原告剩餘財產之價值為8 萬2117元，惟被告 之婚後財產經計算後為負數，並無剩餘財產分配。從而，原告本於夫妻剩餘財產分配請求權，請求被告給付原告75萬80 49元，及自起訴狀繕本送達之翌日起至清償日止，按週年利 率百分之5計算之利息，為無理由，應予駁回
　100年度家訴字第392號臺灣臺中地方法院家事判決　　　　　,1/2,0,0,0,0,0,8,10,0,0,0,0,0,"綜上，原告既於離婚時之96年9月7日即可知悉有剩餘財產差
    額存在，惟遲至100年6月17日始提起本件訴訟，有原告起訴
    狀本院收狀戳章日期可證，顯已罹於2 年時效而消滅，故被
    告之時效抗辯即為可採。從而，原告本於夫妻剩餘財產分配
    請求權，請求被告給付 287萬8921元，及自101年9月14日起
    至清償日止，按週年利率百分之5 計算之利息，為無理由，
    應予駁回。"
100年度家訴字第381號臺灣臺中地方法院民事判決　,1/2,1,0,0,0,0,0,0,0,0,0,0,0,"綜上所述，原告得請求之剩餘財產差額為2,396,430元（被
    告婚後財產：5,555,724-被告婚後負債：500,000-原告婚後
    財產：262,864），應平均分配其剩餘財產，則原告得請求
    被告給付2,396,430元。原告請求被告給付剩餘財產2,396,
    430元部分，應有理由，應予准許，逾此部分之請求即屬於
    法無據，而應駁回。"
"100年度家訴字第355號,臺灣臺中地方法院家事判決　　　　　　",1/2,0,0,0,0,0,0,0,0,0,0,0,0,"依上開剩餘財產認定計算結果，兩造差額為6,134,417元（
    6,571,263-436,846=6,134,417），經平均分配，原告得請
    求被告給付兩造剩餘財產差額，應為3,067,209元（元以下
    四捨五入）。綜上，本件原告得請求被告給付之剩餘財產差額分配金額為
    3,067,209元，扣除兩造均不爭執之被告於98年5月25日已給
    付原告之20萬元後，尚得請求被告給付2,867,209 元。則原
    告基於剩餘財產分配之法律關係，請求被告給付 2,867,209
    元，及自101年6月18日起至清償日止，按年息百分之5計算
    之利息，為有理由，應予准許，逾此部分之請求，則為無理
    由，應予駁回。"
100年度家訴字第262號臺灣臺中地方法院家事判決　　　　　　,1/2,0,0,0,0,0,7,0,0,0,9,0,0,"綜合上述，原告得請求被告給付剩餘財產差額為 6,680,615
    元，扣除被告得據以抗辯抵銷之依離婚協議書附加約定得請
    求原告給付之扶養費52萬元、依不當得利法律關係得請求原
    告給付代墊之扶養費312,123 元後，則原告基於剩餘財產分
    配之法律關係，請求被告給付5,848,492 元，及自擴張聲明
    狀繕本送達翌日即101 年7月6日（詳本院102年3月29日言詞
    辯論筆錄）起至清償日止，按年息百分之5 計算之利息，為
    有理由，應予准許。逾此部分之請求，則無理由，應予駁回"
100年度家訴字第262號臺灣臺中地方法院家事判決　　　　　　,1/3,0,0,0,0,0,7,0,0,0,9,0,0,"綜合上述，原告得請求被告給付剩餘財產差額為 6,680,615
    元，扣除被告得據以抗辯抵銷之依離婚協議書附加約定得請
    求原告給付之扶養費52萬元、依不當得利法律關係得請求原
    告給付代墊之扶養費312,123 元後，則原告基於剩餘財產分
    配之法律關係，請求被告給付5,848,492 元，及自擴張聲明
    狀繕本送達翌日即101 年7月6日（詳本院102年3月29日言詞
    辯論筆錄）起至清償日止，按年息百分之5 計算之利息，為
    有理由，應予准許。逾此部分之請求，則無理由，應予駁回"